Local_Authority_Code,Local_Authority_Name,Agricultural_and_Rural,Natural_Ecological_and_Public,Residential_and_Commercial,Household_composition,Population_Density_Persons_per_square_kilometre,ethnic_groups,language_fluency,health,Occupancy_rating_for_bedrooms,education,Median_House_Price,Mid-2022,Accommodation_Food_POI,Arts_Recreation_POI,Financial_Institutions_POI,Healthcare_Centers_POI,Information_Communication_POI,OtherPOI,Personal_Household_Svcs_POI,Retail_POI,Transportation_Facilities_POI,Total_owed_a_prevention_or_relief_duty,Total_recorded_ASB,Environmental_ASB,Nuisance_ASB,Personal_ASB,Total_recorded_crime_(excluding_fraud),Violence_against_the_person,Environmental_ASB_rate,Nuisance_ASB_rate,Personal_ASB_rate,Total_recorded_crime_(excluding_fraud)_rate,Violence_against_the_person_rate,Total_owed_a_prevention_or_relief_duty_rate,Total_owed_a_prevention_or_relief_duty_rate_population
E06000001,Hartlepool,0.574072939,0.174667205,0.251259856,40930,985.5,0.024821655,0.993457839,0.920325327,0.751514707,0.768551,148000,93861,182,58,37,32,248,429,48,129,1,629,2846,54,2644,148,13416,5100,0.000575319,0.028169314,0.0015768,0.142934765,0.054335667,0.015367701,0.006701399
E06000002,Middlesbrough,0.28222488,0.125426233,0.592348887,60261,2671.2,0.056138197,0.980722822,0.926947556,0.713368292,0.760556087,150000,148285,104,63,22,32,99,92,18,139,8,1461,5548,76,5199,273,24709,9348,0.000512527,0.035060863,0.001841049,0.166631824,0.063040766,0.024244536,0.009852649
E06000003,Redcar and Cleveland,0.09239188,0.627863853,0.279744267,61640,557.1,0.026671858,0.996916814,0.923848796,0.769249489,0.779850813,155000,137175,126,123,28,26,204,392,23,103,1,398,3870,69,3591,210,15713,5834,0.000503007,0.026178239,0.001530891,0.114547111,0.042529615,0.006456846,0.002901403
E06000004,Stockton-on-Tees,0.591486906,0.157773892,0.250739202,83756,959.3,0.041452262,0.993006112,0.937495867,0.78405387,0.81367635,165000,199966,199,112,25,43,166,348,47,195,6,2752,4788,78,4465,245,22452,8182,0.000390066,0.022328796,0.001225208,0.112279087,0.040916956,0.032857348,0.01376234
E06000005,Darlington,0.764421626,0.072609378,0.162968996,48915,545.9,0.04497322,0.991348158,0.941150278,0.748982971,0.807370583,166995,109469,267,58,21,39,200,305,138,225,9,1166,2235,522,1433,280,12009,4569,0.004768473,0.013090464,0.002557802,0.10970229,0.041737844,0.023837269,0.010651417
E06000006,Halton,0.375211829,0.199890183,0.424897988,55949,1624.3,0.042358492,0.99383609,0.923170922,0.73918716,0.789654443,173000,128964,81,69,18,24,249,350,16,36,1,..,1764,96,1308,360,12425,5680,0.000744394,0.010142365,0.002791477,0.096344716,0.044043299,,
E06000007,Warrington,0.449299791,0.240637104,0.310063105,90538,1168,0.058870309,0.990185781,0.949643084,0.754257881,0.835262308,250000,211580,202,146,38,47,614,1421,90,132,14,1462,1830,109,1341,380,15554,6850,0.000515172,0.006338028,0.001796011,0.073513565,0.032375461,0.016147916,0.006909916
E06000008,Blackburn with Darwen,0.283429754,0.542120198,0.174450048,58767,1129.4,0.060459101,0.958545146,0.933623286,0.652145799,0.757982729,150000,155762,107,49,26,27,113,103,50,94,0,997,5153,39,3309,1805,13776,5769,0.000250382,0.021243949,0.011588192,0.088442624,0.037037275,0.016965304,0.006400791
E06000009,Blackpool,0.074923421,0.128300267,0.796776312,64789,4041.1,0.04968436,0.991675384,0.908640347,0.686052075,0.754383703,135000,141574,964,70,9,109,209,72,67,220,2,1692,8513,69,5764,2680,22268,9835,0.000487378,0.04071369,0.01893003,0.157288768,0.06946897,0.026115544,0.011951347
E06000010,Kingston upon Hull,0.02418364,0.143564793,0.832251568,115472,3730.1,0.059079257,0.970754263,0.93170021,0.661251212,0.74747522,135000,268852,182,220,18,55,409,193,20,98,1,..,3422,123,2841,458,35307,14403,0.000457501,0.010567152,0.001703539,0.131325041,0.053572226,,
E06000011,East Riding of Yorkshire,0.849498009,0.089261153,0.061231815,152063,142.4,0.038042692,0.995218923,0.946261853,0.820531874,0.817876727,221500,346309,522,370,53,100,1148,876,36,224,9,..,2371,115,1882,374,19488,8487,0.000332073,0.005434453,0.00107996,0.056273444,0.024507015,,
E06000012,North East Lincolnshire,0.396144279,0.147701452,0.45615427,69826,815,0.036948987,0.99067455,0.934992291,0.769154756,0.757635877,160000,157754,288,64,34,68,222,182,79,297,2,1317,2085,97,1684,304,19013,8199,0.000614881,0.010674848,0.001927051,0.120523093,0.051973326,0.018861169,0.008348441
E06000013,North Lincolnshire,0.586743149,0.246406755,0.166850096,73173,200.4,0.045986908,0.98331179,0.939662895,0.78956719,0.781554059,170000,170042,172,161,20,23,190,138,17,107,1,..,1891,78,1560,253,14333,5656,0.00045871,0.009174204,0.001487868,0.08429094,0.03326237,,
E06000014,York,0.681016644,0.177648389,0.141334967,85458,745.8,0.085982752,0.993637918,0.957726271,0.742449596,0.866616691,300000,204551,833,293,93,119,1160,1917,203,500,40,780,4718,194,3736,788,14748,5278,0.000948419,0.018264394,0.00385234,0.072099379,0.025802856,0.009127291,0.00381323
E06000015,Derby,0.09708638,0.209738091,0.693175529,105653,3349.5,0.102335971,0.967350805,0.942046342,0.678463257,0.798550593,200000,263490,437,169,103,93,383,1167,155,404,25,2362,7807,431,6086,1290,29939,12339,0.001635736,0.023097651,0.004895821,0.113624805,0.046829102,0.022356204,0.008964287
E06000016,Leicester,0.079223328,0.249324652,0.67145202,127388,5027.2,0.127256884,0.909891668,0.94771428,0.521956542,0.733029109,230000,373399,456,116,82,79,339,394,74,263,35,2617,3765,563,2934,268,46881,17909,0.001507771,0.007857546,0.000717731,0.125552023,0.0479621,0.020543536,0.007008589
E06000017,Rutland,0.705691479,0.228854885,0.065453636,16696,107.5,0.064813706,0.997509836,0.964652001,0.848568348,0.869067055,319250,41151,107,74,2,21,107,128,19,64,3,134,114,20,90,4,1772,722,0.000486015,0.002187067,9.72E-05,0.043060922,0.017545139,0.008025874,0.0032563
E06000018,Nottingham,0.08583524,0.240026787,0.674137973,124745,4337.6,0.154226622,0.969767293,0.93968149,0.607687683,0.80495759,182500,328513,812,362,141,149,682,1486,304,656,67,..,12677,636,11117,924,39833,13091,0.001935996,0.033840366,0.002812674,0.121252431,0.03984926,,
E06000019,Herefordshire,0.764223423,0.194322459,0.041285101,82824,85.8,0.055971411,0.989959542,0.94750687,0.768517512,0.819802333,289950,188719,289,297,41,40,921,362,40,155,68,1330,2157,136,1753,268,10903,4636,0.000720648,0.009288943,0.001420101,0.057773727,0.024565624,0.016058147,0.007047515
E06000020,Telford and Wrekin,0.594138449,0.189446986,0.216186921,76510,639.1,0.072866292,0.986342089,0.938805978,0.752895046,0.800461415,226000,188871,244,101,31,50,151,322,51,133,9,1157,2973,148,2511,314,15624,6526,0.000783604,0.013294789,0.00166251,0.082723128,0.034552684,0.015122206,0.006125874
E06000021,Stoke-on-Trent,0.095250962,0.296190783,0.608558255,110400,2764.8,0.060389493,0.980561624,0.926415321,0.672708333,0.740871694,140000,259965,191,123,29,45,184,381,47,131,1,1569,5762,58,4152,1552,30485,12933,0.000223107,0.015971381,0.005970034,0.117265786,0.049749005,0.014211957,0.006035428
E06000022,Bath and North East Somerset,0.571144089,0.272885125,0.155789358,79250,559.2,0.112176656,0.995036614,0.959381415,0.723608833,0.877457956,386675,195618,312,160,54,50,520,2115,50,97,12,499,2369,65,1985,319,13676,5100,0.00033228,0.010147328,0.001630729,0.069911767,0.02607122,0.00629653,0.00255089
E06000023,"Bristol, City of",0.055017765,0.32189756,0.623084675,191638,4308.1,0.157400933,0.984358928,0.950364577,0.605603302,0.85461679,335000,479024,295,718,169,53,1297,3294,61,194,271,2973,9036,290,7693,1053,57946,19855,0.000605398,0.016059738,0.00219822,0.120966799,0.041448863,0.015513625,0.00620637
E06000024,North Somerset,0.508632449,0.314101362,0.177213468,94648,579.9,0.0685797,0.994219049,0.947311595,0.768690305,0.850952304,319995,219145,219,298,34,34,468,776,42,130,22,812,2643,92,2186,365,16195,6834,0.000419813,0.009975131,0.001665564,0.073900842,0.031184832,0.008579156,0.003705309
E06000025,South Gloucestershire,0.627876849,0.185030818,0.187054216,118101,584.3,0.08571477,0.992495684,0.957899485,0.762364417,0.857636373,335000,294765,149,240,55,40,783,1897,38,138,2,765,2564,118,2039,407,19037,7553,0.000400319,0.006917375,0.001380761,0.064583651,0.025623802,0.006477507,0.002595288
E06000026,Plymouth,0.146658568,0.280819142,0.57252229,114560,3314.8,0.063566054,0.992932037,0.93573358,0.670836352,0.826670448,215000,266862,209,131,98,52,618,2391,44,149,110,1861,4624,164,2781,1679,23476,10606,0.00061455,0.010421117,0.006291641,0.087970562,0.039743388,0.016244763,0.006973642
E06000027,Torbay,0.072846975,0.854522348,0.072630677,62997,2215.6,0.058910372,0.995781088,0.926739112,0.693700987,0.802301935,250000,139479,406,87,41,58,355,967,60,233,6,1189,3007,139,1918,950,11822,5068,0.000996566,0.013751174,0.006811061,0.084758279,0.036335219,0.018873915,0.008524581
E06000030,Swindon,0.628103882,0.1742441,0.197652019,95861,1014.4,0.09960255,0.98221095,0.955550319,0.690075317,0.826717463,270000,235657,334,178,42,70,346,736,90,288,25,1377,3358,149,2396,813,16533,6625,0.000632275,0.010167319,0.003449929,0.07015705,0.028112893,0.014364549,0.005843238
E06000031,Peterborough,0.669379301,0.189936393,0.140684306,84533,628.1,0.127559651,0.954670369,0.948927311,0.653685543,0.776389991,240000,217705,237,128,53,49,273,541,60,202,18,1665,4294,395,3459,440,23089,9096,0.001814382,0.015888473,0.002021084,0.106056361,0.04178131,0.01969645,0.007647964
E06000032,Luton,0.128779215,0.197390399,0.673830386,78940,5196,0.167012921,0.944500579,0.95259277,0.517810996,0.771404417,302000,226973,414,35,30,85,228,244,187,475,4,1720,3571,588,2746,237,19111,6940,0.002590617,0.012098355,0.001044177,0.084199442,0.030576324,0.0217887,0.007577994
E06000033,Southend-on-Sea,0.836629907,0.025955157,0.137414937,78344,4335.6,0.097761156,0.990578026,0.944262422,0.629812111,0.803135032,325000,180915,317,39,46,51,169,358,69,192,15,854,1861,72,1079,710,18457,7631,0.000397977,0.005964127,0.003924495,0.102020286,0.042180029,0.010900643,0.004720449
E06000034,Thurrock,0.446630289,0.27226528,0.281104431,66375,1074.2,0.118489838,0.981376394,0.956596838,0.604305708,0.784083659,340000,176877,168,90,34,44,167,174,43,156,3,807,1710,80,1116,514,16020,5687,0.000452292,0.006309469,0.002905974,0.090571414,0.032152287,0.012158192,0.004562493
E06000035,Medway,0.378694381,0.275826927,0.338059508,111459,1444.2,0.097381973,0.98849995,0.948944688,0.668341438,0.806256117,305000,282702,357,145,62,94,505,530,97,304,12,1805,4915,211,4244,460,28249,12933,0.000746369,0.015012274,0.001627155,0.099925009,0.045747819,0.016194296,0.006384815
E06000036,Bracknell Forest,0.256625202,0.463795687,0.279540615,50244,1139.2,0.12577615,0.990614696,0.967956023,0.701102531,0.868081615,415000,126881,111,73,24,30,141,276,31,97,0,517,993,96,745,152,7814,2833,0.000756614,0.005871644,0.001197973,0.061585265,0.022328008,0.010289786,0.004074684
E06000037,West Berkshire,0.433337984,0.418923629,0.146744714,66658,229.3,0.099447928,0.994026307,0.966521936,0.752809157,0.858615836,396500,162215,150,179,21,26,421,752,32,111,17,392,1285,104,947,234,9245,3574,0.000641124,0.005837931,0.00144253,0.056992263,0.022032488,0.005880764,0.002416546
E06000038,Reading,0.084952574,0.179081594,0.735965833,67683,4312.6,0.185748268,0.969459657,0.963368996,0.574501721,0.841817462,342000,174820,439,150,66,63,331,918,169,341,41,1098,2070,148,1591,331,17828,6245,0.000846585,0.009100789,0.001893376,0.101979179,0.035722457,0.016222685,0.006280746
E06000039,Slough,0.113155649,0.346620142,0.540224209,52421,4871.5,0.169124239,0.948224247,0.962529968,0.43614444,0.798493282,360000,159182,199,13,11,49,43,54,79,198,9,..,1610,120,1213,277,15793,6012,0.000753854,0.007620208,0.001740146,0.099213479,0.037768089,,
E06000040,Windsor and Maidenhead,0.416171726,0.370747738,0.213080536,60933,781.1,0.157194203,0.98999785,0.969784229,0.729157093,0.874251061,520000,154738,256,173,23,65,237,428,78,193,5,455,835,69,599,167,9478,3402,0.000445915,0.003871059,0.001079244,0.061251923,0.02198555,0.007467218,0.002940454
E06000041,Wokingham,0.354767578,0.26587743,0.378681193,69164,991.7,0.12437106,0.991625619,0.973470423,0.791524493,0.895818095,485000,180967,132,50,24,28,292,599,30,80,4,393,912,83,706,123,8318,2976,0.000458647,0.003901264,0.000679682,0.045964181,0.016444987,0.005682147,0.002171667
E06000042,Milton Keynes,0.334906471,0.337285027,0.327758394,113102,930.1,0.141438701,0.982847484,0.958520867,0.666672561,0.841761145,360000,292180,516,399,92,109,595,953,156,384,44,1943,2358,204,1628,526,26182,10339,0.0006982,0.005571908,0.00180026,0.089609145,0.035385721,0.017179183,0.00665001
E06000043,Brighton and Hove,0.320758397,0.218604205,0.460637398,121401,3345.3,0.179362778,0.988460015,0.949372616,0.548755375,0.875874698,425000,277965,1183,239,69,99,564,1403,204,619,154,1668,4871,187,4184,500,29010,9672,0.000672747,0.015052255,0.001798788,0.104365658,0.034795748,0.01373959,0.006000755
E06000044,Portsmouth,0.102586156,0.249414452,0.647999392,86155,5149.8,0.104323603,0.984603155,0.9504286,0.615286402,0.82574742,259000,208420,581,150,107,73,424,509,124,370,38,2256,2812,614,2045,153,25393,10485,0.002945974,0.009811918,0.000734095,0.121835716,0.050307072,0.026185364,0.010824297
E06000045,Southampton,0.016488567,0.310941422,0.672570011,102291,4990.5,0.12756743,0.974406496,0.950309736,0.555581625,0.826876028,255000,252689,250,114,69,38,412,685,92,206,44,1830,2546,547,1817,182,32635,12789,0.002164716,0.007190657,0.000720253,0.129150853,0.050611621,0.017890137,0.007242104
E06000046,Isle of Wight,0.595867743,0.292797498,0.110815999,64778,370,0.050406027,0.997261252,0.932613788,0.735021227,0.815496797,265000,140794,636,332,73,159,1232,1490,192,476,84,720,1200,268,835,97,10969,5152,0.00190349,0.00593065,0.00068895,0.077908149,0.036592468,0.011114885,0.005113854
E06000047,County Durham,0.309233557,0.6462676,0.044498843,234761,234.5,0.032718382,0.997031519,0.924969544,0.786919463,0.790753944,133800,528127,832,737,109,181,1614,4969,292,646,101,2896,9720,2532,6001,1187,51941,20307,0.004794301,0.011362797,0.002247565,0.09834945,0.038450979,0.01233595,0.00548353
E06000049,Cheshire East,0.425482561,0.348114699,0.226402739,174857,341.9,0.063377865,0.991727984,0.952965251,0.801585304,0.849687228,282250,406527,753,340,99,153,1038,1908,364,554,28,1602,3309,216,2355,738,25468,11364,0.00053133,0.005792973,0.001815378,0.062647745,0.027953863,0.009161772,0.003940698
E06000050,Cheshire West and Chester,0.585611475,0.187390739,0.226997786,155156,388.2,0.060198255,0.994373505,0.947646647,0.791402146,0.841646409,250000,361694,537,391,93,82,990,1264,178,395,34,2097,3470,196,2714,560,25229,11466,0.000541895,0.00750358,0.00154827,0.069752332,0.03170083,0.01351543,0.005797719
E06000051,Shropshire,0.755497406,0.195675908,0.04877024,139576,101.2,0.048581807,0.994491328,0.94918203,0.798952564,0.832603601,270000,327178,756,574,61,97,1193,990,203,475,18,1225,3430,176,2885,369,18043,7139,0.000537933,0.00881783,0.001127826,0.055147351,0.021819927,0.008776581,0.003744139
E06000052,Cornwall,0.577875065,0.323781721,0.098251031,250534,160.9,0.059612429,0.997141679,0.938138365,0.749655737,0.836793214,295000,575413,1534,1217,129,153,2812,4959,187,850,144,2845,6977,268,4067,2642,31538,14141,0.000465752,0.007067967,0.004591485,0.054809328,0.024575392,0.011355744,0.004944275
E06000053,Isles of Scilly,0.48512448,0.465767216,0.047496523,942,125.9,0.05626327,0.997482377,0.959591042,0.714437367,0.876878613,531000,2281,29,33,0,1,32,73,5,24,4,0,10,1,6,3,71,29,0.000438404,0.002630425,0.001315213,0.031126699,0.012713722,0,0
E06000054,Wiltshire,0.668703634,0.269149256,0.062074818,215081,156.8,0.071047982,0.994993442,0.957698209,0.784892344,0.855864991,325000,515885,636,1169,80,119,1667,1349,117,324,20,1643,5427,318,3772,1337,24009,9714,0.000616416,0.007311707,0.002591663,0.046539442,0.018829778,0.007638983,0.003184818
E06000055,Bedford,0.637001121,0.197671787,0.165327092,74948,388.8,0.144082722,0.973087319,0.956312593,0.68844563,0.832478159,335000,187466,364,100,42,52,381,323,112,237,2,1309,2831,274,2381,176,14190,5299,0.001461598,0.01270097,0.000938837,0.075693726,0.028266459,0.017465443,0.0069826
E06000056,Central Bedfordshire,0.585468971,0.226261979,0.188092092,120756,411.2,0.107987247,0.993729645,0.961855824,0.75572026,0.849644575,375000,301501,487,213,42,75,619,868,133,274,5,1187,4054,408,3277,369,15820,5574,0.001353229,0.010868952,0.001223877,0.052470804,0.018487501,0.009829739,0.003936969
E06000057,Northumberland,0.394364042,0.588181325,0.017454633,146922,63.9,0.030669335,0.997567665,0.937785237,0.797981242,0.820815634,195000,324362,749,596,83,142,1889,2165,219,519,24,1046,7879,888,5730,1261,24850,9955,0.002737682,0.017665448,0.003887632,0.076611934,0.030691018,0.007119424,0.003224792
E06000058,"Bournemouth, Christchurch and Poole",0.103993191,0.397185073,0.498821736,173842,2469.2,0.108764805,0.988858826,0.94761317,0.656832066,0.840801056,337500,401898,496,146,71,77,822,1518,249,346,363,2283,9724,1160,7527,1037,29779,11199,0.002886304,0.018728633,0.002580257,0.074095915,0.027865279,0.013132615,0.005680546
E06000059,Dorset,0.307426618,0.653129413,0.039349654,169261,152.4,0.055346477,0.99766044,0.949059353,0.778661357,0.842082373,352500,383274,617,701,62,76,1704,2039,89,329,101,1535,5436,634,4095,707,21409,8908,0.001654169,0.010684262,0.001844633,0.055858211,0.023241858,0.009068835,0.004004968
E06000060,Buckinghamshire,0.659658028,0.218670612,0.121541797,220329,353.4,0.129343524,0.98865341,0.966691919,0.738491075,0.862468003,450000,560409,840,496,143,209,1675,3705,331,694,18,2420,3417,266,2530,621,32242,12074,0.000474653,0.00451456,0.001108119,0.05753298,0.021544979,0.010983575,0.004318275
E06000061,North Northamptonshire,0.609720829,0.233060132,0.157194397,148922,364.4,0.091155713,0.982273675,0.951188238,0.753287044,0.800536679,260000,363408,551,241,49,136,656,1013,208,425,14,1363,,,,,26906,11495,,,,0.074037996,0.031631114,0.009152442,0.003750605
E06000062,West Northamptonshire,0.577972918,0.228872909,0.193127095,172643,309.1,0.10871177,0.978315149,0.958752716,0.732060936,0.825898108,295000,429013,819,289,57,177,1052,836,209,522,12,2107,,,,,32937,13544,,,,0.076773897,0.031570139,0.012204376,0.004911273
E07000008,Cambridge,0.250184127,0.279525622,0.470290251,52472,3579.2,0.231395194,0.982302444,0.967626566,0.6024737,0.904163828,475000,146995,449,299,51,79,294,1630,129,334,14,..,2150,173,1766,211,15306,4141,0.001176911,0.012014014,0.001435423,0.104125991,0.028171026,,
E07000009,East Cambridgeshire,0.871309662,0.084950528,0.043739811,37200,134.8,0.09673951,0.99145259,0.958638135,0.790043814,0.834464993,340000,89394,140,111,19,26,255,406,43,80,0,465,855,113,661,81,3924,1530,0.001264067,0.007394232,0.000906101,0.043895563,0.017115243,0.0125,0.005201691
E07000010,Fenland,0.865770406,0.083111489,0.051118105,44083,187.5,0.069913572,0.975057328,0.936220257,0.735589683,0.741972369,236000,103035,92,55,9,14,176,105,16,50,0,505,1295,111,1050,134,7729,3093,0.001077304,0.010190712,0.001300529,0.075013345,0.030018926,0.011455663,0.004901247
E07000011,Huntingdonshire,0.794704643,0.155046056,0.050249301,76880,199.6,0.091364352,0.99125451,0.957634945,0.785096448,0.843559668,326000,184052,263,272,34,64,503,640,57,170,8,832,1862,184,1493,185,10510,3904,0.000999717,0.008111838,0.001005151,0.057103427,0.021211397,0.01082206,0.004520462
E07000012,South Cambridgeshire,0.848334828,0.091534014,0.060020442,66996,179.8,0.12458018,0.99392643,0.965709739,0.801582208,0.881798377,426722,165633,164,361,22,51,1911,1611,38,107,5,454,1415,122,1160,133,7423,2672,0.000736568,0.007003435,0.00080298,0.044815949,0.016132051,0.006776524,0.002741
E07000026,Allerdale,0.053784786,0.919837502,0.026370847,43969,77.4,0.02795024,0.99813148,0.940002496,0.829850135,0.793710332,,,391,187,27,30,696,644,94,170,18,472,704,31,563,110,6543,2815,,,,,,0.010734836,
E07000027,Barrow-in-Furness,0.387534771,0.468779149,0.143686079,31259,865.3,0.026264436,0.996588388,0.928360556,0.757765763,0.815399219,,,76,33,22,16,101,303,24,59,6,284,888,58,700,130,5847,2700,,,,,,0.009085383,
E07000028,Carlisle,0.196002266,0.77853293,0.025464804,50663,106,0.03914099,0.992494783,0.941949029,0.789668989,0.801396932,,,237,141,27,37,422,342,48,158,5,527,1251,39,1042,170,9779,4195,,,,,,0.010402069,
E07000029,Copeland,0.074355068,0.897462134,0.028182798,30789,91.7,0.026113222,0.998346399,0.931406166,0.843872812,0.787619626,,,144,118,18,19,308,279,48,81,5,327,667,26,540,101,4407,2034,,,,,,0.010620676,
E07000030,Eden,0.059986848,0.932948157,0.007064995,24615,25.5,0.040094244,0.995715863,0.955586005,0.835506805,0.826610915,,,249,255,25,26,773,1187,43,145,9,189,374,39,286,49,3192,1243,,,,,,0.007678245,
E07000031,South Lakeland,0.11997655,0.861495468,0.018527982,47656,68,0.049163816,0.996624101,0.95591192,0.809807583,0.861844085,,,586,374,53,70,1194,1639,118,382,59,531,684,51,517,116,5458,2281,,,,,,0.011142354,
E07000032,Amber Valley,0.241534162,0.346441547,0.412024291,56276,475.6,0.040585685,0.997196939,0.943704044,0.79048279,0.803274319,221500,126944,162,119,30,35,464,599,59,107,12,484,2941,172,2359,410,8922,3938,0.001354928,0.018582997,0.003229771,0.070282959,0.031021553,0.008600469,0.003812705
E07000033,Bolsover,0.33648084,0.38647004,0.27704912,35262,500.7,0.035167328,0.988610068,0.921791885,0.794878339,0.758321011,177500,81553,88,97,9,16,385,541,20,70,0,301,1720,86,1360,274,6220,2715,0.001054529,0.016676272,0.003359778,0.07626942,0.033291234,0.008536101,0.003690851
E07000034,Chesterfield,0.225314443,0.232113513,0.542572044,48056,1568.4,0.043010529,0.995348005,0.927555543,0.73523108,0.797909327,185265,104110,202,53,20,29,259,505,93,148,9,557,2963,146,2374,443,10823,4741,0.001402363,0.022802805,0.004255115,0.103957353,0.045538373,0.011590644,0.00535011
E07000035,Derbyshire Dales,0.232939598,0.675059494,0.091961116,32284,90.3,0.044326735,0.998572,0.954263349,0.821324577,0.84305087,330000,71752,363,350,15,34,817,1192,43,146,13,240,997,60,801,136,3616,1389,0.000836214,0.011163452,0.001895418,0.050395808,0.019358345,0.007434023,0.003344854
E07000036,Erewash,0.300088611,0.201537106,0.498374283,50331,1029.9,0.053499414,0.996327817,0.943475103,0.771327532,0.801881749,205000,113080,72,82,46,15,235,1011,25,55,19,417,2480,118,1946,416,9442,3896,0.001043509,0.017209056,0.003678811,0.083498408,0.034453484,0.008285152,0.003687655
E07000037,High Peak,0.10079754,0.854168443,0.045034017,40773,168.7,0.05300076,0.997829405,0.950051137,0.768836456,0.850555115,250000,91109,230,142,21,31,420,784,34,102,6,360,1645,115,1267,263,5834,2415,0.001262224,0.01390642,0.002886652,0.064033191,0.026506712,0.008829372,0.003951311
E07000038,North East Derbyshire,0.345217421,0.443242391,0.211455807,45990,370.1,0.03590145,0.998256663,0.935147695,0.810685629,0.799866312,240000,103783,81,87,9,13,543,460,19,51,0,264,1657,101,1235,321,5813,2583,0.000973184,0.011899829,0.003092992,0.0560111,0.024888469,0.005740378,0.002543769
E07000039,South Derbyshire,0.45640745,0.241454876,0.302137674,45239,317.1,0.057338638,0.995480389,0.953912021,0.814809903,0.839892357,254995,111133,93,99,11,24,277,1237,25,47,6,271,1623,112,1239,272,6565,2772,0.001007801,0.011148804,0.002447518,0.059073363,0.024943086,0.005990407,0.00243852
E07000040,East Devon,0.352770954,0.585616248,0.061393884,66791,185.2,0.054201354,0.997334639,0.951447685,0.797631346,0.8492256,330000,154500,356,330,23,52,685,1218,80,252,5,601,,,,,,,,,,,,0.008998218,0.003889968
E07000041,Exeter,0.128283735,0.312995098,0.558721168,52554,2780,0.110286562,0.99044183,0.954058252,0.678825589,0.864566024,315000,134939,305,111,43,46,314,702,96,248,13,1127,2404,122,1611,671,11027,4549,0.000904112,0.011938728,0.004972617,0.081718406,0.033711529,0.021444609,0.008351922
E07000042,Mid Devon,0.605896132,0.334648832,0.059259846,35635,90.8,0.051130942,0.994185758,0.952216,0.779081189,0.829716732,300000,83786,135,135,12,28,294,213,39,82,3,505,,,,,,,,,,,,0.014171461,0.00602726
E07000043,North Devon,0.474478555,0.475159725,0.05036172,43198,90.8,0.046322661,0.997137236,0.943038809,0.77153506,0.822420128,310000,100505,248,196,16,15,411,840,14,89,36,912,,,,,,,,,,,,0.021112089,0.009074175
E07000044,South Hams,0.48049749,0.485654674,0.033580612,39335,100,0.06203127,0.998661296,0.950003949,0.798932249,0.870281446,384000,89812,129,187,19,26,523,962,17,74,2,323,,,,,,,,,,,,0.008211516,0.003596401
E07000045,Teignbridge,0.386896725,0.532735123,0.079917525,59838,200.1,0.052257763,0.998150065,0.945861739,0.775878204,0.843488071,300000,135952,312,284,31,43,614,773,20,124,7,703,,,,,,,,,,,,0.011748387,0.005170943
E07000046,Torridge,0.215234294,0.704533301,0.080079245,30454,69.2,0.039859474,0.99813503,0.93986552,0.806120104,0.811952745,300000,68635,124,112,12,10,273,576,6,61,8,419,,,,,,,,,,,,0.013758455,0.006104757
E07000047,West Devon,0.21516318,0.765336923,0.019473078,24819,49.2,0.050850189,0.997942019,0.946563682,0.802119429,0.844296024,304995,58190,158,314,14,17,482,318,13,67,5,169,,,,,,,,,,,,0.006809299,0.002904279
E07000061,Eastbourne,0.009698636,0.270372502,0.719928862,45610,2302.6,0.109491132,0.988337191,0.937200681,0.642468757,0.81593634,290000,102247,71,23,25,13,216,224,7,26,35,..,1817,104,1586,127,11218,3947,0.001017145,0.015511458,0.00124209,0.10971471,0.0386026,,
E07000062,Hastings,0.053894497,0.467141975,0.478963527,40453,3053.9,0.096259857,0.991477821,0.927324879,0.631340848,0.798685479,290000,90622,93,56,15,19,212,249,25,53,8,1067,1680,74,1415,191,9549,3985,0.000816579,0.01561431,0.002107656,0.105371764,0.043973869,0.026376289,0.011774183
E07000063,Lewes,0.549635945,0.259701144,0.188104892,43694,342,0.095493145,0.996445157,0.945107852,0.733702619,0.839321333,395995,100677,120,107,16,23,365,338,24,84,3,..,1122,40,934,148,5764,2265,0.00039731,0.009277193,0.001470048,0.057252401,0.022497691,,
E07000064,Rother,0.247865801,0.606409843,0.142865354,42100,182.8,0.074723291,0.99749288,0.940070884,0.761507767,0.811206582,365000,94162,153,159,30,15,505,1147,26,89,34,515,1007,62,791,154,6066,2363,0.00065844,0.008400416,0.001635479,0.064420892,0.025095049,0.012232779,0.005469298
E07000065,Wealden,0.246963358,0.600205646,0.151594061,68267,192.2,0.078282014,0.997724709,0.955741492,0.789253959,0.850615048,395000,163012,113,153,18,34,909,494,30,71,11,447,1356,63,1067,226,6660,2589,0.000386475,0.00654553,0.001386401,0.040855888,0.015882266,0.00654782,0.002742129
E07000066,Basildon,0.429207984,0.297652861,0.273139156,76364,1705.1,0.088460229,0.992658109,0.949619078,0.664204709,0.792638383,360000,188848,79,37,15,28,126,365,16,98,2,713,2058,92,1389,577,18528,7519,0.000487164,0.007355122,0.003055367,0.09811065,0.039815089,0.00933686,0.003775523
E07000067,Braintree,0.849060155,0.095549372,0.055316698,64985,253.8,0.074523744,0.995545746,0.955612232,0.73923213,0.816396189,345000,157681,125,98,18,23,291,176,15,105,1,471,873,54,541,278,10089,4179,0.000342464,0.003430978,0.001763053,0.063983612,0.026502876,0.007247826,0.002987043
E07000068,Brentwood,0.665117382,0.239978432,0.094853236,32342,503.2,0.107476347,0.995651532,0.962295742,0.736379939,0.849176051,465000,77332,54,38,13,13,71,115,22,44,0,142,491,36,290,165,5588,1693,0.000465525,0.003750065,0.002133657,0.072259867,0.021892619,0.004390576,0.001836239
E07000069,Castle Point,0.15110663,0.334625116,0.514268254,37392,2005.4,0.056834898,0.996692848,0.945304564,0.750193907,0.761422889,365000,89731,17,28,1,6,24,46,8,10,1,248,680,30,455,195,5380,2181,0.000334333,0.005070711,0.002173162,0.059956983,0.024305981,0.006632435,0.002763816
E07000070,Chelmsford,0.7358865,0.166555187,0.097388072,75400,535.9,0.09461162,0.993518455,0.964021088,0.730024004,0.848373472,400000,183326,150,230,50,44,282,537,63,110,2,1008,1222,82,765,375,15780,6108,0.000447291,0.004172894,0.002045536,0.08607617,0.033317696,0.0133687,0.005498402
E07000071,Colchester,0.725551147,0.161590603,0.112624147,79710,587.2,0.105510112,0.992113945,0.958181771,0.710283657,0.846215348,320000,194394,178,118,40,36,388,502,66,91,1,771,1855,128,1116,611,16706,7370,0.000658457,0.005740918,0.003143101,0.085938866,0.037912693,0.009672563,0.003966172
E07000072,Epping Forest,0.718728624,0.194962227,0.086309149,54557,398.2,0.134263248,0.990490602,0.959023559,0.700533387,0.81138735,510000,134989,159,110,18,35,242,294,72,95,3,458,965,69,621,275,9824,3424,0.000511153,0.004600375,0.002037203,0.0727763,0.02536503,0.00839489,0.003392869
E07000073,Harlow,0.529111029,0.189532638,0.281356333,37857,3056.1,0.116068363,0.982702474,0.949104235,0.559820367,0.789827912,328500,94409,75,120,13,20,45,160,16,107,1,374,1024,39,637,348,10637,3814,0.000413096,0.006747238,0.003686089,0.112669343,0.040398691,0.009879283,0.003961487
E07000074,Maldon,0.814911086,0.131922694,0.051288467,27900,185,0.056346106,0.997657644,0.952286733,0.787060932,0.80742585,394500,67554,32,31,11,10,103,121,9,13,0,215,207,20,112,75,3352,1521,0.000296059,0.001657933,0.001110223,0.049619564,0.022515321,0.007706093,0.003182639
E07000075,Rochford,0.86726659,0.05655469,0.07617872,35555,512.7,0.0571991,0.998389442,0.957553612,0.769806227,0.808287371,407400,87216,83,17,11,19,95,104,26,69,5,286,345,25,225,95,4430,1784,0.000286645,0.002579802,0.00108925,0.050793432,0.020454962,0.008043876,0.003279215
E07000076,Tendring,0.737425195,0.081583296,0.180623923,67451,440.9,0.052097078,0.996849598,0.922308688,0.738669553,0.737513011,290000,151451,70,77,40,5,360,622,12,44,1,844,1065,50,672,343,12406,5770,0.00033014,0.004437079,0.002264759,0.081914283,0.038098131,0.012512787,0.00557276
E07000077,Uttlesford,0.857202279,0.102100069,0.040439098,36960,142.5,0.098977217,0.996337535,0.967812921,0.795686996,0.862393058,480000,92578,119,149,26,21,383,447,14,64,13,165,686,53,419,214,5382,1888,0.00057249,0.004525913,0.002311564,0.058134762,0.020393614,0.004464286,0.001782281
E07000078,Cheltenham,0.091924011,0.278773032,0.629302956,52902,2549.3,0.097510256,0.990514553,0.959675859,0.713164959,0.866095737,318000,119434,206,256,41,62,359,1313,119,180,102,520,2606,216,1777,613,11639,4193,0.00180853,0.01487851,0.005132542,0.097451312,0.035107256,0.009829496,0.004353869
E07000079,Cotswold,0.6304592,0.311646736,0.057824511,40598,78,0.072053209,0.998022889,0.962006782,0.804926715,0.863211688,435000,91311,228,284,19,33,696,638,52,185,10,232,963,97,577,289,4905,1834,0.001062304,0.006319063,0.003165008,0.053717515,0.020085203,0.005714567,0.002540767
E07000080,Forest of Dean,0.467432392,0.447657216,0.083660865,37217,165.4,0.046618481,0.995559649,0.945393315,0.78208883,0.816186839,285000,87937,167,187,11,24,332,346,41,96,1,300,1131,162,533,436,5268,2596,0.001842228,0.006061157,0.004958095,0.059906524,0.029521134,0.008060832,0.003411533
E07000081,Gloucester,0.075773342,0.212631134,0.711595525,55407,3266.6,0.10161171,0.984470037,0.95061775,0.695724367,0.817905535,250000,133522,167,83,33,36,238,590,84,185,7,1248,3140,204,1743,1193,16194,7032,0.001527838,0.013054029,0.008934857,0.121283384,0.052665478,0.02252423,0.009346774
E07000082,Stroud,0.287474617,0.48765378,0.22323635,52379,263,0.070754897,0.997760282,0.958497795,0.784489671,0.865093069,330000,123205,160,233,28,24,626,828,44,108,4,415,1407,146,839,422,7390,3022,0.001185017,0.006809789,0.003425186,0.059981332,0.024528225,0.007923023,0.00336837
E07000083,Tewkesbury,0.606826012,0.226386876,0.166787112,40934,229,0.066477731,0.995696605,0.960773155,0.795998143,0.861451546,317000,97000,126,104,20,30,365,502,44,94,1,373,1169,98,565,506,5603,2423,0.001010309,0.005824742,0.005216495,0.057762887,0.024979381,0.009112229,0.003845361
E07000084,Basingstoke and Deane,0.58866862,0.322841131,0.087815879,76642,292.1,0.10305956,0.990010392,0.963150191,0.738443473,0.857803707,355000,187817,200,226,35,53,451,650,40,148,5,..,,,,,,,,,,,,,
E07000085,East Hampshire,0.537866519,0.355456143,0.106456874,52721,244.4,0.081550193,0.996230827,0.964181194,0.780473463,0.868968506,440000,127319,114,199,21,32,471,458,23,104,22,361,830,240,525,65,6217,2425,0.001885029,0.004123501,0.000510529,0.048830104,0.019046647,0.006847366,0.002835398
E07000086,Eastleigh,0.232510368,0.352611374,0.414779872,56924,1712.1,0.077928466,0.995303777,0.962138036,0.755502855,0.862644334,345000,138935,132,76,29,31,251,423,64,90,20,264,1080,285,706,89,8453,3446,0.002051319,0.005081513,0.000640587,0.060841401,0.024802965,0.004637763,0.001900169
E07000087,Fareham,0.262916881,0.27207198,0.464876011,48641,1542.1,0.062501285,0.997455881,0.959663968,0.798803429,0.861492775,350000,114547,96,27,29,15,208,185,26,58,0,277,908,242,604,62,5866,2403,0.00211267,0.005272945,0.000541263,0.05121042,0.020978288,0.005694784,0.002418221
E07000088,Gosport,0.191813572,0.267124709,0.541061718,35923,3229.8,0.055008073,0.99652603,0.945272843,0.690005568,0.825995745,252750,82285,142,34,14,27,114,70,40,85,0,535,1423,413,910,100,6728,3064,0.005019141,0.011059124,0.001215288,0.081764599,0.037236434,0.014892966,0.006501793
E07000089,Hart,0.450334133,0.393794802,0.155871066,39963,461.8,0.101916725,0.995892968,0.971782955,0.805049545,0.891169843,475000,100910,83,97,17,25,413,428,36,61,4,151,,,,,,,,,,,,0.003778495,0.001496383
E07000090,Havant,0.159429288,0.286609657,0.553961055,53591,2228.4,0.053201217,0.997016533,0.94386835,0.720166452,0.80078744,327500,124854,184,60,48,41,247,368,71,130,8,550,1185,315,790,80,10158,4498,0.002522947,0.00632739,0.000640748,0.081359027,0.036026078,0.010262917,0.004405145
E07000091,New Forest,0.286465415,0.618725848,0.094703632,77566,233.7,0.06117371,0.997814991,0.952106266,0.781863187,0.838978379,399950,175942,283,176,37,57,781,785,96,163,17,672,939,216,640,83,10675,4163,0.001227677,0.003637562,0.000471746,0.060673404,0.023661207,0.00866359,0.00381944
E07000092,Rushmoor,0.314393262,0.342691735,0.342915003,39304,2554.9,0.11383355,0.9632605,0.962458398,0.620334326,0.816955398,359000,101060,119,88,28,27,164,613,27,126,9,573,,,,,,,,,,,,0.014578669,0.005669899
E07000093,Test Valley,0.668710945,0.260538325,0.069069788,54706,207.9,0.077849675,0.994086957,0.961461239,0.777911823,0.859047137,365000,132871,139,165,15,30,403,566,39,96,1,454,1420,445,873,102,7902,3251,0.003349113,0.006570282,0.000767662,0.059471216,0.024467341,0.008298907,0.003416848
E07000094,Winchester,0.669030231,0.247380459,0.08143556,51716,192.8,0.096699345,0.9959681,0.965725854,0.766644107,0.889031026,470000,130268,201,246,24,29,496,660,27,126,6,365,723,187,492,44,7419,2794,0.001435502,0.003776829,0.000337765,0.056951822,0.021448092,0.007057777,0.002801916
E07000095,Broxbourne,0.189741275,0.494292738,0.315965986,39849,1924.9,0.147452949,0.981198836,0.956225317,0.641564829,0.791570679,434000,99103,51,45,11,15,82,374,13,26,1,501,2261,424,1365,472,6769,2384,0.004278377,0.013773549,0.004762722,0.068302675,0.02405578,0.012572461,0.005055346
E07000096,Dacorum,0.596591672,0.237667016,0.165662111,63409,729.8,0.123683215,0.991558641,0.961084852,0.685201539,0.85323154,435000,156123,191,102,32,32,358,531,69,147,4,659,3870,607,2325,938,9778,3039,0.00388796,0.014892104,0.006008083,0.062630106,0.019465421,0.010392846,0.004221031
E07000098,Hertsmere,0.536545011,0.260535516,0.202919473,42683,1065.9,0.162925824,0.98653231,0.961178915,0.659833185,0.840145723,561500,108106,135,49,24,25,122,308,56,85,26,511,2343,422,1305,616,7538,2420,0.003903576,0.012071485,0.005698111,0.06972786,0.022385437,0.011971979,0.004726842
E07000099,North Hertfordshire,0.781215959,0.126405663,0.092312644,56731,354.9,0.120143834,0.99390386,0.961376774,0.725340196,0.864007202,415000,134159,169,125,21,31,572,601,30,86,3,422,2277,433,1283,561,6129,2427,0.003227514,0.009563279,0.004181605,0.045684598,0.018090475,0.007438614,0.003145521
E07000102,Three Rivers,0.358229667,0.342237636,0.299532697,36857,1055.8,0.142027727,0.991702114,0.96485054,0.705165771,0.866378678,550000,94123,86,54,10,30,124,371,41,64,6,301,1452,239,802,411,4709,1680,0.002539231,0.008520765,0.004366627,0.05003028,0.017848985,0.008166698,0.003197943
E07000103,Watford,0.081224967,0.312965856,0.605809177,39628,4772.2,0.181164358,0.973158457,0.962746709,0.545498133,0.841396687,400000,103031,137,37,23,33,92,147,29,104,72,406,2766,476,1716,574,8253,2722,0.004619969,0.016655181,0.005571139,0.080102105,0.026419233,0.010245281,0.003940562
E07000105,Ashford,0.634298276,0.275675808,0.0850073,53586,228.6,0.092790624,0.987217137,0.954175989,0.731276711,0.823642358,350000,135610,233,128,26,48,356,333,41,214,4,622,1763,74,1518,171,10712,4456,0.000545682,0.011193865,0.001260969,0.078991225,0.032858934,0.011607509,0.004586682
E07000106,Canterbury,0.599753813,0.257909737,0.138081208,63794,509.9,0.114779283,0.993170859,0.948954767,0.714030412,0.837657692,360000,157550,168,119,39,28,475,826,35,110,4,..,2466,107,2141,218,14639,6165,0.000679149,0.013589337,0.001383688,0.092916534,0.039130435,,
E07000107,Dartford,0.301053359,0.290837591,0.408109051,45697,1605.3,0.119006456,0.986970364,0.962407818,0.630257802,0.837739802,370000,118820,100,76,22,28,211,426,34,186,9,606,,,,,,,,,,,,0.013261264,0.005100151
E07000108,Dover,0.764698919,0.126550233,0.108507307,50548,369.2,0.067341932,0.993661934,0.938080921,0.726402216,0.805409342,320000,117473,222,132,17,28,403,340,34,111,11,505,1741,64,1491,186,10324,4824,0.000544806,0.012692278,0.001583343,0.087884024,0.041064755,0.009990504,0.00429886
E07000109,Gravesham,0.433614808,0.317371789,0.228983969,41722,1079.9,0.10629374,0.974416957,0.951543499,0.64322692,0.796745275,365000,106970,207,58,18,26,215,485,28,146,15,659,,,,,,,,,,,,0.015795024,0.006160606
E07000110,Maidstone,0.533987118,0.256781435,0.197998625,71207,446.9,0.092714302,0.987212502,0.957396093,0.71397475,0.825615264,375000,180428,232,91,26,38,411,264,38,145,12,1027,2529,105,2189,235,15251,6453,0.00058195,0.012132263,0.001302459,0.084526792,0.035764959,0.014422739,0.005692021
E07000111,Sevenoaks,0.419744591,0.402105107,0.176977856,49014,326.4,0.106808398,0.996442623,0.960444758,0.754860955,0.843824726,480000,121106,192,158,18,42,406,611,31,114,0,354,1143,41,1007,95,7534,2793,0.000338546,0.00831503,0.000784437,0.062209965,0.023062441,0.007222426,0.002923059
E07000112,Folkestone and Hythe,0.793254187,0.111296514,0.095449299,48336,307.5,0.07658254,0.991936239,0.935112383,0.713165625,0.806064048,320000,110237,203,338,29,27,455,1027,39,137,32,531,1373,59,1165,149,8733,4170,0.000535211,0.01056814,0.001351633,0.079220226,0.03782759,0.010985601,0.004816895
E07000113,Swale,0.665725679,0.182583948,0.151501913,60495,406.2,0.071741466,0.992845391,0.943070188,0.707125973,0.780131148,315000,154619,211,47,25,44,344,325,43,100,0,761,2807,120,2451,236,14724,6318,0.000776101,0.015851868,0.001526332,0.095227624,0.040861731,0.012579552,0.004921775
E07000114,Thanet,0.585826845,0.144795044,0.269378111,62199,1356.9,0.081398714,0.988934384,0.927610661,0.667926045,0.78348077,300000,140689,284,96,29,15,317,366,35,93,3,866,2574,89,2199,286,15220,7069,0.000632601,0.01563022,0.002032853,0.108181876,0.050245577,0.013923053,0.006155421
E07000115,Tonbridge and Malling,0.32699981,0.371796639,0.29657481,53573,550.6,0.088725033,0.995759562,0.959954917,0.750265992,0.845308265,417500,133661,174,93,23,23,334,276,47,86,3,324,1679,62,1475,142,8765,3346,0.00046386,0.011035381,0.001062389,0.065576346,0.02503348,0.006047823,0.002424043
E07000116,Tunbridge Wells,0.306899069,0.530229432,0.157628159,48223,348,0.111399125,0.993602248,0.962015766,0.699894241,0.86521645,465000,116028,189,101,22,38,338,306,41,124,1,418,1605,53,1403,149,7890,3303,0.000456786,0.012091909,0.001284173,0.068000827,0.028467267,0.008668063,0.003602579
E07000117,Burnley,0.069030804,0.823144978,0.107824219,39868,855,0.047301364,0.970067625,0.93006498,0.673756019,0.756020692,130000,95553,48,21,7,4,103,37,3,15,1,630,3984,61,2743,1180,10181,4074,0.000638389,0.028706582,0.012349167,0.106548198,0.042636024,0.015802147,0.0065932
E07000118,Chorley,0.18926072,0.611550389,0.199188891,50132,580.6,0.048452086,0.995259171,0.948246866,0.793126147,0.839969285,200000,118624,262,78,32,65,255,222,103,155,6,528,3330,65,2167,1098,7364,3339,0.00054795,0.018267804,0.009256137,0.0620785,0.028147761,0.010532195,0.004451039
E07000119,Fylde,0.506978539,0.137501138,0.355520323,37601,491.2,0.049859065,0.995469476,0.942106815,0.794256083,0.839458749,231600,83008,238,45,14,42,167,86,42,111,3,292,2086,31,1357,698,4510,2024,0.000373458,0.016347822,0.008408828,0.054332113,0.024383192,0.007765751,0.003517733
E07000120,Hyndburn,0.458127797,0.311400596,0.230471607,34789,1126.6,0.044984191,0.980351629,0.930028942,0.679936763,0.772199537,130000,83213,98,13,5,18,67,34,35,61,0,270,3055,50,1960,1045,8041,3436,0.000600868,0.023554012,0.012558134,0.096631536,0.041291625,0.007761074,0.003244685
E07000121,Lancaster,0.232797211,0.70901035,0.058192439,59980,252.1,0.065423989,0.990916746,0.944002127,0.754684895,0.842152774,186000,144446,382,172,65,66,576,2395,197,263,71,..,4371,63,2917,1391,10648,4314,0.000436149,0.020194398,0.009629896,0.073716129,0.029865832,,
E07000122,Pendle,0.036024788,0.854696731,0.109278481,38068,565.4,0.049808228,0.953450051,0.941823308,0.679136237,0.752213448,136000,96110,69,44,7,9,98,102,11,41,1,357,2589,25,1673,891,6428,2874,0.000260119,0.017407138,0.009270627,0.066881698,0.029903236,0.009377955,0.003714494
E07000123,Preston,0.251415585,0.24928466,0.499299755,59610,1039,0.085593974,0.972938271,0.94425542,0.685422853,0.805517869,180000,151582,268,72,40,63,186,149,78,183,2,..,6568,88,4700,1780,15881,6181,0.000580544,0.03100632,0.011742819,0.104768376,0.040776609,,
E07000124,Ribble Valley,0.060683263,0.876707961,0.062608777,26746,105.6,0.04464052,0.997535428,0.962313803,0.82083972,0.867824803,265498,63107,178,81,10,27,205,209,49,89,4,78,924,34,545,345,2422,1013,0.000538767,0.008636126,0.005466905,0.038379261,0.016052102,0.002916324,0.001235996
E07000125,Rossendale,0.324792042,0.597897539,0.077310419,30561,513.4,0.047773306,0.99304282,0.938848363,0.728313864,0.81374568,174000,71169,46,20,5,8,45,41,9,7,0,544,2286,43,1512,731,4613,1897,0.000604196,0.021245205,0.010271326,0.064817547,0.026654864,0.017800465,0.007643777
E07000126,South Ribble,0.261758679,0.254453487,0.483787834,48587,981.4,0.051311077,0.99581939,0.950421038,0.812085786,0.84310211,208000,112166,167,29,29,49,158,304,88,125,3,521,2784,43,1751,990,6707,2733,0.00038336,0.015610791,0.008826204,0.059795303,0.024365672,0.010723033,0.004644901
E07000127,West Lancashire,0.68610407,0.126303292,0.187592638,48531,338.8,0.04963633,0.992770726,0.94338755,0.796658013,0.82218403,220000,119367,148,59,18,41,183,360,66,105,4,245,2574,45,1503,1026,5768,2621,0.000376989,0.01259142,0.00859534,0.048321563,0.021957492,0.00504832,0.002052494
E07000128,Wyre,0.572045056,0.309158687,0.118796257,50767,396.7,0.035042449,0.997121564,0.930805924,0.798747218,0.801878094,195000,114809,327,70,16,75,254,374,97,216,4,439,2716,40,1618,1058,7169,3123,0.000348405,0.014092972,0.009215305,0.06244284,0.0272017,0.00864735,0.003823742
E07000129,Blaby,0.487753541,0.147949225,0.364297234,42577,788.9,0.077745156,0.990927521,0.958018382,0.810710511,0.827136147,275000,104182,148,44,20,47,97,105,66,114,3,437,413,52,330,31,7079,2406,0.000499127,0.003167534,0.000297556,0.067948398,0.023094201,0.010263757,0.004194583
E07000130,Charnwood,0.358222663,0.327010389,0.314704534,73782,659.2,0.083716202,0.98884542,0.957846617,0.763014163,0.842442848,266250,184748,325,169,34,57,295,525,85,206,5,..,1097,191,832,74,14165,5024,0.001033841,0.004503432,0.000400546,0.076672007,0.027193799,,
E07000131,Harborough,0.744665185,0.141334341,0.114000474,40414,165,0.07161062,0.996025638,0.963002038,0.828372058,0.86401502,335000,100481,176,74,9,25,212,214,48,122,0,258,299,50,228,21,4906,1872,0.000497607,0.002269086,0.000208995,0.048825151,0.018630388,0.006383926,0.00256765
E07000132,Hinckley and Bosworth,0.662476224,0.124034924,0.213488852,49446,382.2,0.058346479,0.995261393,0.952780711,0.807329059,0.816786984,260000,114298,123,53,16,18,149,159,29,73,3,500,509,81,388,40,7702,2974,0.000708674,0.003394635,0.000349962,0.067385256,0.026019703,0.010112041,0.00437453
E07000133,Melton,0.785337565,0.144087648,0.070574787,22599,107.5,0.053630692,0.995374047,0.960175452,0.817610619,0.836212919,269000,52433,139,46,8,18,180,112,29,75,3,337,286,49,212,25,3396,1378,0.000934526,0.004043255,0.000476799,0.064768371,0.026281159,0.014912164,0.00642725
E07000134,North West Leicestershire,0.301546197,0.393549941,0.304903862,44971,374.8,0.055344318,0.994669163,0.951941627,0.811309008,0.816480009,272250,107672,139,92,22,21,174,407,43,92,1,333,713,108,537,68,8186,3139,0.001003046,0.004987369,0.000631548,0.076027194,0.029153355,0.007404772,0.003092726
E07000135,Oadby and Wigston,0.229363553,0.181209591,0.589426856,22615,2454.9,0.091303002,0.983190584,0.951962873,0.769951806,0.81421309,280000,58341,96,15,12,32,49,90,64,66,1,247,302,54,228,20,3898,1589,0.000925593,0.003908058,0.000342812,0.066814076,0.02723642,0.010921954,0.004233729
E07000136,Boston,0.91957813,0.040297866,0.040124005,29403,193.7,0.071724935,0.93407862,0.942001645,0.698578425,0.723516949,197000,70806,162,77,10,23,141,113,63,138,3,..,1009,79,728,202,5616,2510,0.001115725,0.010281615,0.002852866,0.079315312,0.035448973,,
E07000137,East Lindsey,0.813570613,0.135375617,0.051015335,64754,80.5,0.036352967,0.996641085,0.918339237,0.794468295,0.747714507,220000,144415,629,288,41,53,466,425,114,302,6,532,1939,100,1370,469,10452,4727,0.000692449,0.009486549,0.003247585,0.072374753,0.032732057,0.008215709,0.003683828
E07000138,Lincoln,0.238790867,0.18751876,0.57365845,42507,2908.9,0.083633284,0.979159017,0.945440359,0.666251029,0.826168353,180000,102545,129,45,28,19,141,320,34,103,15,940,2992,262,2175,555,13088,4845,0.002554976,0.0212102,0.005412258,0.127631771,0.04724755,0.022114005,0.009166707
E07000139,North Kesteven,0.870598491,0.07713604,0.052245229,50989,128,0.047637726,0.996155452,0.951479581,0.857008374,0.837912564,241000,119709,102,117,9,18,249,217,12,42,7,477,474,33,363,78,4726,2149,0.000275668,0.003032353,0.00065158,0.03947907,0.017951867,0.009354959,0.003984663
E07000140,South Holland,0.955527302,0.009411141,0.035061557,40706,126.8,0.068396226,0.970935395,0.943209773,0.780821581,0.754433713,240000,96983,188,89,24,29,160,112,95,153,6,317,1007,97,695,215,5136,2432,0.001000175,0.007166204,0.002216883,0.052957735,0.02507656,0.00778755,0.003268614
E07000141,South Kesteven,0.835827192,0.108028077,0.056120382,62846,152.1,0.05929992,0.992591,0.952323506,0.818202068,0.83084067,259995,144249,322,126,23,48,285,316,110,199,1,613,1234,107,897,230,7814,3036,0.000741773,0.006218414,0.001594465,0.05417022,0.02104694,0.009754002,0.004249596
E07000142,West Lindsey,0.782005106,0.157195558,0.060799336,42345,82.3,0.041940207,0.997776339,0.943974441,0.842909434,0.8189264,225750,96817,153,121,7,15,212,121,12,59,2,591,1118,86,795,237,6423,2419,0.000888274,0.008211368,0.002447917,0.066341655,0.024985282,0.013956784,0.0061043
E07000143,Breckland,0.558549923,0.368609578,0.072801679,60360,108.4,0.065806259,0.983720626,0.94541869,0.782865853,0.777449683,276000,143479,202,336,49,40,845,1207,109,148,1,680,1182,77,827,278,7794,3466,0.000536664,0.00576391,0.001937566,0.054321538,0.024156845,0.011265739,0.00473937
E07000144,Broadland,0.600696467,0.246096839,0.153007107,57759,238.6,0.054605263,0.997296244,0.954092362,0.828081717,0.824308182,315000,133872,78,183,21,18,766,879,37,61,21,356,639,40,424,175,5118,2413,0.000298793,0.003167204,0.001307219,0.038230549,0.01802468,0.006163542,0.002659257
E07000145,Great Yarmouth,0.220525439,0.32964532,0.449829241,44542,572.2,0.054837262,0.983073938,0.927527369,0.702608657,0.734933933,230000,99862,249,95,32,29,250,348,56,173,1,..,1586,81,1211,294,9347,4453,0.000811119,0.012126735,0.002944063,0.093599167,0.044591536,,
E07000146,King's Lynn and West Norfolk,0.763317115,0.180189004,0.05639946,67464,107.2,0.060447053,0.986726814,0.940631784,0.772219258,0.766191851,275000,155741,254,264,26,32,613,516,98,154,9,520,1206,62,905,239,9407,4081,0.000398097,0.00581093,0.001534599,0.060401564,0.026203761,0.007707815,0.003338877
E07000147,North Norfolk,0.445809294,0.425514773,0.127812994,48375,106.6,0.04103444,0.997810342,0.939678193,0.800640827,0.794362121,318000,103227,310,356,19,33,1174,1128,60,195,16,390,645,27,428,190,4558,2112,0.000261559,0.004146202,0.001840604,0.044155114,0.020459763,0.008062016,0.003778081
E07000148,Norwich,0.049772387,0.265710999,0.684516614,64459,3688.2,0.115205014,0.983772921,0.943580159,0.621868164,0.829275766,234000,144525,192,126,56,24,310,1793,76,127,131,..,2650,133,2190,327,16603,6418,0.000920256,0.015153088,0.002262584,0.114879779,0.044407542,,
E07000149,South Norfolk,0.792132946,0.111125367,0.096424609,61379,156.4,0.062283117,0.996390807,0.956575647,0.821351188,0.82941332,315000,144593,131,255,30,34,796,1444,54,88,22,309,874,39,616,219,6181,2663,0.000269723,0.004260234,0.001514596,0.042747574,0.018417212,0.005034295,0.002137033
E07000163,Craven,0.145490536,0.844072084,0.01043738,26064,48.4,0.043234741,0.997553429,0.957559682,0.813725114,0.854361693,,,274,464,7,26,759,901,43,183,11,128,,,,,,,,,,,,0.004910988,
E07000164,Hambleton,0.233987665,0.694493676,0.071518659,40802,69.2,0.037371039,0.997209576,0.955816518,0.834346356,0.848196308,,,246,232,32,42,772,878,55,183,14,235,,,,,,,,,,,,0.005759522,
E07000165,Harrogate,0.222189049,0.718276925,0.059431807,71169,124.4,0.066166449,0.995357726,0.961319751,0.792212902,0.862495843,,,375,420,39,56,1033,903,60,252,12,729,,,,,,,,,,,,0.010243224,
E07000166,Richmondshire,0.176585435,0.811698326,0.01171624,20945,37.7,0.040964431,0.997150232,0.959961428,0.816901408,0.846070915,,,189,141,11,18,421,1202,28,108,13,193,,,,,,,,,,,,0.00921461,
E07000167,Ryedale,0.311004924,0.668654728,0.020301714,24713,36.3,0.039936878,0.994659121,0.953698795,0.827425751,0.822770054,,,230,231,11,30,1257,711,28,135,4,227,,,,,,,,,,,,0.009185449,
E07000168,Scarborough,0.248321781,0.714654484,0.037023736,51123,133.2,0.038436711,0.993207611,0.931697582,0.748312892,0.794398002,,,386,270,30,42,865,1035,32,157,18,765,,,,,,,,,,,,0.014963911,
E07000169,Selby,0.744413751,0.164185301,0.091400948,39561,153.5,0.04575213,0.994175803,0.956505196,0.824519717,0.839665915,,,135,97,15,27,337,281,17,57,0,258,,,,,,,,,,,,0.006521574,
E07000170,Ashfield,0.219765284,0.362332123,0.417902593,54508,1152.8,0.046415205,0.994534582,0.92908947,0.769528527,0.763911441,190000,127179,103,78,39,29,210,627,71,101,5,495,2989,99,2511,379,10870,3580,0.00077843,0.019743826,0.002980052,0.085470085,0.028149301,0.009081236,0.003892152
E07000171,Bassetlaw,0.711134064,0.202250869,0.086615067,51460,184.7,0.041509581,0.989892985,0.937820448,0.810097555,0.784187661,201800,120012,67,60,7,4,257,329,11,41,0,377,2537,121,2058,358,9691,3172,0.001008233,0.017148285,0.002983035,0.080750258,0.02643069,0.007326079,0.003141353
E07000172,Broxtowe,0.321133591,0.230951878,0.447914531,48361,1385,0.080788238,0.992826093,0.948386515,0.786833726,0.826246231,240000,112113,61,107,31,11,227,793,21,35,13,364,,,,,,,,,,,,0.007526726,0.003246724
E07000173,Gedling,0.480815088,0.246289379,0.272895534,51554,977.4,0.085255378,0.994876212,0.946666894,0.797718808,0.823736756,241748,117730,51,70,37,15,241,361,31,38,1,341,,,,,,,,,,,,0.006614424,0.002896458
E07000174,Mansfield,0.168626183,0.455299768,0.376074049,48032,1440.2,0.050884864,0.98238433,0.927110299,0.750364356,0.757014528,180000,111117,102,48,24,32,137,432,70,99,0,345,3038,89,2569,380,11948,4254,0.000800958,0.023119775,0.003419819,0.107526301,0.038283971,0.007182712,0.003104835
E07000175,Newark and Sherwood,0.506744364,0.367459795,0.125795841,53333,188.8,0.05347734,0.992271429,0.942060575,0.808291613,0.809271627,231995,125089,160,118,17,18,425,619,23,96,6,290,2538,120,2084,334,8683,3041,0.000959317,0.016660138,0.002670099,0.069414577,0.024310691,0.005437534,0.002318349
E07000176,Rushcliffe,0.696814219,0.129389761,0.173466735,49883,291,0.087083776,0.996733382,0.961310749,0.850914121,0.879998772,340725,121582,99,132,31,34,397,745,59,57,10,280,,,,,,,,,,,,0.005613135,0.002302972
E07000177,Cherwell,0.728293331,0.139380198,0.132326471,65893,273.5,0.119540474,0.985973645,0.962768138,0.732312502,0.839564125,355000,164155,196,135,42,29,384,517,33,100,12,419,1162,91,830,241,11385,4395,0.000554354,0.005056197,0.001468125,0.069355183,0.026773476,0.006358794,0.002552466
E07000178,Oxford,0.232670599,0.330100244,0.437229157,55238,3553,0.236015062,0.977137278,0.966582119,0.597903617,0.874164338,450000,163257,521,371,62,74,318,1185,86,279,27,440,1157,64,919,174,16164,4991,0.00039202,0.005629161,0.001065804,0.099009537,0.03057143,0.007965531,0.002695137
E07000179,South Oxfordshire,0.6867034,0.219297768,0.093520635,61495,219.7,0.110119193,0.994157957,0.967521883,0.783917392,0.875636878,445000,151820,188,156,25,41,482,789,32,121,7,476,798,82,572,144,6687,2531,0.000540113,0.00376762,0.000948492,0.04404558,0.016671058,0.007740467,0.003135292
E07000180,Vale of White Horse,0.716206434,0.177184972,0.106516935,57498,240.5,0.112647396,0.994381437,0.967620021,0.779714077,0.874655329,395000,142116,161,166,20,39,352,429,53,92,9,418,809,80,556,173,6711,2793,0.00056292,0.003912297,0.001217315,0.047221988,0.01965296,0.007269818,0.002941259
E07000181,West Oxfordshire,0.578653512,0.313180116,0.108133256,47984,159.9,0.091723807,0.995497771,0.964311038,0.78638571,0.860802268,395000,116928,178,127,23,32,405,579,16,96,3,344,666,53,483,130,5470,2262,0.00045327,0.004130747,0.001111795,0.046780925,0.019345238,0.007169056,0.002941981
E07000187,Mendip,0.321373018,0.61797135,0.060583748,50294,157,0.070306597,0.99623554,0.952993367,0.768715328,0.838585751,,,205,142,15,17,294,151,26,91,0,531,,,,,,,,,,,,0.010557919,
E07000188,Sedgemoor,0.233381638,0.70360176,0.062963988,53906,222.2,0.05359528,0.991261969,0.944025594,0.763501104,0.804492152,,,138,120,11,10,360,277,11,49,5,644,,,,,,,,,,,,0.011946722,
E07000189,South Somerset,0.416506505,0.514930873,0.067121848,75933,180,0.053400232,0.992249217,0.950385415,0.772756005,0.834859642,,,254,159,16,47,450,234,29,126,6,688,,,,,,,,,,,,0.009060619,
E07000192,Cannock Chase,0.143653758,0.661088296,0.195257945,43458,1274.3,0.040127931,0.996810043,0.935933148,0.730642675,0.780135309,219950,101140,94,40,15,27,101,59,45,91,2,224,955,15,635,305,6884,3131,0.000148309,0.006278426,0.003015622,0.06806407,0.030957089,0.005154402,0.002214752
E07000193,East Staffordshire,0.375595909,0.339241062,0.28516303,51293,320.5,0.068800811,0.979824759,0.951668696,0.747996803,0.79871254,220000,125760,188,86,31,57,277,251,33,116,1,271,1205,10,817,378,8749,3955,7.95E-05,0.006496501,0.003005725,0.06956902,0.031448791,0.005283372,0.002154898
E07000194,Lichfield,0.52774479,0.334422755,0.137717283,45630,321.3,0.055990183,0.996713007,0.950082679,0.805102018,0.82945054,301750,108352,105,345,14,14,191,392,11,55,1,325,839,15,561,263,5829,2521,0.000138438,0.005177569,0.002427274,0.053796884,0.02326676,0.007122507,0.002999483
E07000195,Newcastle-under-Lyme,0.318128504,0.357303043,0.324568454,53420,584.5,0.052205979,0.995163805,0.937445255,0.753607997,0.799492164,180000,125297,85,67,19,19,126,217,23,63,2,487,1527,14,1109,404,8266,3732,0.000111735,0.00885097,0.003224339,0.065971252,0.02978523,0.009116436,0.003886765
E07000196,South Staffordshire,0.668737489,0.240778556,0.090286368,46122,271.2,0.047114175,0.997566096,0.946909624,0.811838682,0.807104914,280000,111527,96,60,10,13,156,178,20,52,0,123,732,9,465,258,5587,2484,8.07E-05,0.004169394,0.002313341,0.050095493,0.022272634,0.00266684,0.001102872
E07000197,Stafford,0.424142592,0.397698012,0.178121589,60048,228.8,0.056788849,0.99540242,0.951003529,0.798840908,0.842362364,250000,138670,118,150,21,31,286,489,20,73,3,270,1536,26,1036,474,8888,3989,0.000187495,0.007470974,0.003418187,0.064094613,0.028766135,0.004496403,0.001947069
E07000198,Staffordshire Moorlands,0.26804645,0.566159349,0.165794201,42355,166.4,0.031826231,0.998481023,0.943597609,0.808660339,0.799364318,215000,95899,183,137,18,29,386,575,48,92,9,209,717,7,472,238,4928,2523,7.30E-05,0.004921845,0.002481778,0.051387397,0.026308929,0.004934482,0.002179376
E07000199,Tamworth,0.293781231,0.21152141,0.49469736,32892,2549.6,0.058185135,0.993925049,0.942858596,0.734883721,0.7821166,245000,79639,35,29,21,11,90,433,11,34,4,283,751,13,494,244,5758,2584,0.000163237,0.006202991,0.003063826,0.072301259,0.032446414,0.008603916,0.003553535
E07000200,Babergh,0.82068894,0.109711283,0.069159826,40200,155.5,0.058109453,0.997723563,0.955825337,0.802557278,0.825645864,340000,94277,136,152,17,25,351,287,55,85,4,346,,,,,,,,,,,,0.008606965,0.003670036
E07000202,Ipswich,0.101504265,0.240185301,0.658310434,59506,3534.3,0.113566471,0.973028722,0.949499434,0.657519283,0.783147936,238000,139247,200,63,38,28,208,351,79,150,2,1286,2274,245,1568,461,12902,5269,0.001759463,0.011260566,0.003310664,0.092655497,0.037839235,0.021611266,0.009235387
E07000203,Mid Suffolk,0.804058458,0.11098489,0.084956652,44343,117.9,0.055251111,0.997811423,0.957837954,0.816047629,0.824054226,325000,105723,104,181,21,20,482,467,43,83,5,344,,,,,,,,,,,,0.007757707,0.003253786
E07000207,Elmbridge,0.190954858,0.406030592,0.402943486,55593,1459.6,0.180352935,0.992469362,0.971345177,0.752477919,0.891950282,672500,140024,192,104,30,62,337,332,122,156,12,359,1364,209,887,268,7737,2845,0.001492601,0.006334628,0.001913958,0.055254813,0.020317945,0.006457648,0.002563846
E07000208,Epsom and Ewell,0.092127357,0.399369025,0.508503618,31321,2375.4,0.175302493,0.986951137,0.969408683,0.718121448,0.872366771,550000,81184,89,31,8,27,175,135,24,52,1,196,1077,100,852,125,5108,1720,0.00123177,0.010494679,0.001539712,0.062918802,0.021186441,0.006257782,0.002414269
E07000209,Guildford,0.37363061,0.456267875,0.169101691,55760,530.2,0.146413199,0.992077351,0.968172642,0.720139885,0.886558811,510000,145673,282,248,39,40,583,905,75,243,29,428,1916,269,1302,345,10943,3997,0.001846602,0.008937827,0.002368318,0.075120304,0.027438166,0.007675753,0.002938087
E07000210,Mole Valley,0.449781351,0.439637913,0.104123633,37139,338.3,0.116023587,0.995438943,0.963186323,0.739364567,0.87695434,535000,87769,149,168,18,37,406,522,58,154,10,287,835,118,495,222,5005,1871,0.001344438,0.005639804,0.002529367,0.05702469,0.021317322,0.007727726,0.003269947
E07000211,Reigate and Banstead,0.387439219,0.31656196,0.295890244,59845,1168.1,0.141035923,0.992855622,0.966064728,0.714226039,0.868766076,475000,153629,219,110,33,79,399,543,109,212,2,496,1815,246,1272,297,9438,3906,0.00160126,0.008279687,0.001933229,0.061433714,0.025424887,0.008288078,0.003228557
E07000212,Runnymede,0.164346,0.503448063,0.332205937,34841,1128.6,0.156926345,0.99111888,0.964111763,0.67041736,0.85521955,451000,88524,146,68,19,36,233,550,61,84,7,305,1191,185,797,209,6215,2295,0.002089829,0.009003208,0.002360942,0.07020695,0.025925173,0.008754054,0.003445393
E07000213,Spelthorne,0.145340923,0.385233353,0.469425724,41805,2293.9,0.141466332,0.987430814,0.961449551,0.649683052,0.831913822,435000,103551,120,40,14,35,121,149,76,109,6,388,1606,200,1119,287,8521,3032,0.001931415,0.010806269,0.002771581,0.082287955,0.029280258,0.009281186,0.003746946
E07000214,Surrey Heath,0.288632671,0.497808279,0.21355905,36009,951.2,0.124805599,0.990486703,0.967729097,0.768051544,0.869307709,450000,91237,127,58,20,43,154,242,43,94,3,141,1016,145,656,215,4968,1977,0.001589268,0.007190065,0.0023565,0.054451593,0.02166884,0.003915688,0.001545426
E07000215,Tandridge,0.457804298,0.323654544,0.21839813,35621,354.1,0.128287904,0.996727756,0.962219921,0.74049016,0.861816282,495000,88707,107,61,6,25,308,430,38,78,1,234,1100,173,737,190,4714,1828,0.001950241,0.008308251,0.002141883,0.05314124,0.020607167,0.006569159,0.002637898
E07000216,Waverley,0.335249654,0.504110806,0.16063954,52448,371.5,0.114322758,0.99618725,0.967979162,0.763035976,0.885568443,545000,130063,134,217,25,33,518,1018,50,125,12,258,1151,180,744,227,5707,2023,0.001383945,0.005720305,0.001745308,0.043878736,0.015554001,0.004919158,0.001983654
E07000217,Woking,0.165521716,0.413563123,0.420915162,41437,1634.4,0.15512706,0.982405745,0.965904062,0.679972006,0.867523891,440000,104179,87,63,23,20,192,169,40,64,3,312,1418,169,951,298,6739,2725,0.001622208,0.009128519,0.002860461,0.064686741,0.026156903,0.007529503,0.002994845
E07000218,North Warwickshire,0.783365607,0.122015896,0.094618497,27580,228.8,0.054641044,0.997435329,0.943198942,0.77163784,0.778210694,253000,65946,83,61,14,5,184,222,24,42,3,205,920,89,619,212,4443,1557,0.001349589,0.009386468,0.003214751,0.067373305,0.023610227,0.007432922,0.003108604
E07000219,Nuneaton and Bedworth,0.613922177,0.106904626,0.279173197,56587,1699.7,0.064627293,0.986558642,0.941265453,0.735141822,0.773748239,236000,135481,69,26,17,13,95,65,15,49,0,824,2376,251,1628,497,11232,4615,0.001852658,0.012016445,0.003668411,0.082904614,0.034063817,0.014561648,0.006082034
E07000220,Rugby,0.829445209,0.085813944,0.084740847,47016,325.7,0.105034778,0.982549523,0.957232671,0.753940399,0.843247641,285000,116436,170,101,36,34,281,430,68,128,4,..,1075,98,694,283,6933,2733,0.000841664,0.005960356,0.00243052,0.05954344,0.023472122,,
E07000221,Stratford-on-Avon,0.85538231,0.089616162,0.054984619,59464,137.8,0.076600969,0.995142522,0.959339395,0.815306225,0.855911363,365000,138583,273,192,37,49,573,561,71,167,2,531,,,,,,,,,,,,0.008929773,0.003831639
E07000222,Warwick,0.740589245,0.123068843,0.136341911,62619,524.8,0.121305035,0.989621227,0.9621429,0.753221866,0.873851946,346500,151158,303,133,66,66,496,1340,142,198,138,526,,,,,,,,,,,,0.008400006,0.003479803
E07000223,Adur,0.415384339,0.184398048,0.39960711,27679,1534.4,0.086067351,0.994643199,0.944363535,0.700195101,0.804857321,385000,64688,12,19,6,1,121,231,0,9,10,156,694,20,596,78,4831,1553,0.000309176,0.009213455,0.001205788,0.074681548,0.024007544,0.005636042,0.002411576
E07000224,Arun,0.317007444,0.352390246,0.329893216,72661,746.1,0.0712762,0.986033137,0.945708931,0.722767372,0.802697202,360000,166366,342,97,41,59,403,695,122,227,15,852,2036,128,1681,227,11517,4475,0.000769388,0.010104228,0.001364461,0.069226885,0.026898525,0.011725685,0.005121239
E07000225,Chichester,0.421318202,0.491979268,0.082907121,54118,157.8,0.079768658,0.994585613,0.956951027,0.755330943,0.851628307,425000,126103,334,184,30,49,599,450,51,237,10,377,1351,112,1137,102,8128,2911,0.000888163,0.009016439,0.000808863,0.064455247,0.023084304,0.006966259,0.00298962
E07000226,Crawley,0.149716649,0.375467785,0.474815566,45504,2634.9,0.150721962,0.974331288,0.956655667,0.592017933,0.821710646,330000,119509,152,27,34,36,188,331,29,116,4,714,1990,59,1762,169,14504,5081,0.000493687,0.014743659,0.001414119,0.121363245,0.042515626,0.015690928,0.005974445
E07000227,Horsham,0.548570054,0.337971662,0.109709704,62371,276.8,0.092111592,0.996148666,0.964694982,0.761455828,0.8750663,430000,148696,136,149,20,27,478,386,62,114,4,395,1345,54,1107,184,7770,2690,0.000363157,0.007444719,0.001237424,0.052254264,0.018090601,0.006333071,0.002656427
E07000228,Mid Sussex,0.265629432,0.516422981,0.211347414,63348,456.8,0.109283493,0.995258163,0.965024973,0.751503575,0.882764605,440000,154930,126,132,16,22,474,607,44,96,17,397,1541,56,1349,136,8131,2939,0.000361454,0.008707158,0.000877816,0.052481766,0.018969857,0.00626697,0.002562448
E07000229,Worthing,0.117622858,0.203385657,0.678991486,49539,3423.7,0.096955872,0.992509225,0.94760194,0.65171488,0.837832278,347000,112044,20,8,14,6,163,196,2,7,6,560,1345,61,1148,136,10362,3527,0.000544429,0.010245975,0.001213809,0.092481525,0.031478705,0.011304225,0.004998036
E07000234,Bromsgrove,0.720079801,0.143332903,0.136587296,41265,457.1,0.068605356,0.997807747,0.955889618,0.807710948,0.843096879,337000,100076,112,79,22,26,228,183,41,102,3,386,,,,,,,,,,,,0.009354174,0.003857069
E07000235,Malvern Hills,0.776024756,0.164497102,0.058328714,34886,137.7,0.057122385,0.996899524,0.949877966,0.798205892,0.85432062,327500,81024,130,99,21,19,443,375,31,85,3,239,,,,,,,,,,,,0.006850886,0.002949743
E07000236,Redditch,0.63073078,0.150865402,0.218403817,36374,1604.4,0.078261587,0.986173198,0.948172063,0.702724249,0.792102604,245000,87132,71,19,22,17,133,70,25,74,2,517,,,,,,,,,,,,0.014213449,0.005933526
E07000237,Worcester,0.301298405,0.147473183,0.551228411,44722,3121.4,0.082015965,0.987655179,0.952056377,0.702929338,0.826310933,248000,104120,152,58,17,25,169,341,41,96,14,840,,,,,,,,,,,,0.018782702,0.008067614
E07000238,Wychavon,0.830276873,0.089692399,0.080030729,57356,199.7,0.05920915,0.990728888,0.953861365,0.782062905,0.823559164,325000,134536,97,139,22,10,498,293,10,39,0,503,,,,,,,,,,,,0.008769789,0.003738776
E07000239,Wyre Forest,0.584168314,0.295747721,0.120083965,45320,520,0.05033098,0.996034917,0.938567225,0.755356,0.782186062,237500,102328,191,73,15,33,181,266,56,116,4,442,,,,,,,,,,,,0.009752868,0.004319443
E07000240,St Albans,0.513367243,0.26474979,0.221882967,58990,919.3,0.166180709,0.991661895,0.969797593,0.737311409,0.898502037,635000,148358,210,94,31,47,313,436,75,162,7,310,2366,387,1396,583,8110,2578,0.002608555,0.009409671,0.003929684,0.054665067,0.017376886,0.005255128,0.00208954
E07000241,Welwyn Hatfield,0.451461703,0.37059985,0.177938448,46209,925,0.155986929,0.986695064,0.961530759,0.66060029,0.856643141,427000,120213,127,95,28,31,261,328,47,112,1,1032,3093,483,1864,746,8617,3158,0.004017868,0.015505811,0.006205652,0.071681099,0.026270037,0.022333312,0.008584762
E07000242,East Hertfordshire,0.734735062,0.189163338,0.075699375,62021,315.7,0.11143,0.99495464,0.966894209,0.72914013,0.8616944,465000,151635,197,169,34,47,568,927,69,126,11,468,2635,457,1530,648,7086,2539,0.003013816,0.010090019,0.00427342,0.046730636,0.016744155,0.007545831,0.003086359
E07000243,Stevenage,0.149771914,0.3291884,0.521039685,36510,3444.8,0.119364558,0.989269266,0.953237611,0.617841199,0.829959571,335000,89737,71,33,25,26,116,537,10,51,0,688,2322,348,1353,621,6820,2652,0.003877999,0.015077393,0.006920222,0.075999866,0.029553027,0.018844152,0.007666849
E07000244,East Suffolk,0.542594289,0.331243932,0.126027327,110747,195.1,0.052451941,0.996666639,0.942700036,0.787136446,0.805992676,294500,247080,419,439,54,74,1083,1379,106,324,17,1091,2132,197,1409,526,13826,5737,0.000797313,0.005702606,0.002128865,0.055957585,0.0232192,0.009851283,0.004415574
E07000245,West Suffolk,0.666924599,0.279213179,0.053799886,78746,173.9,0.090417291,0.991506395,0.956442972,0.761651385,0.790613523,300000,182228,361,323,52,74,760,1314,135,245,8,859,2047,218,1252,577,,,0.001196304,0.006870514,0.003166363,0,0,0.010908491,0.004713875
E07000246,Somerset West and Taunton,0.507893891,0.450543971,0.041562138,69988,132.6,0.058068757,0.993679606,0.947994538,0.75925185,0.836002894,,,302,223,23,25,703,633,47,141,19,499,,,,,,,,,,,,0.007129794,
E08000001,Bolton,0.217705058,0.473151301,0.309143641,118790,2117,0.066992171,0.967911212,0.938515963,0.664727671,0.774197437,180000,298903,138,53,40,36,310,391,51,82,1,2301,7181,1542,2648,2991,33337,13904,0.005158864,0.008859061,0.010006591,0.111531166,0.046516763,0.019370317,0.00769815
E08000002,Bury,0.341221147,0.333655982,0.325122871,80697,1948.6,0.083152612,0.983035276,0.944415785,0.710725572,0.814648131,228500,194606,172,66,16,35,85,99,41,70,1,961,4135,809,1557,1769,20215,8008,0.004157117,0.008000781,0.009090162,0.103876551,0.04114981,0.011908745,0.004938183
E08000003,Manchester,0.025910608,0.268042846,0.706046547,214734,4772.7,0.159887674,0.959674946,0.940250535,0.544043478,0.803382973,242500,568996,1618,309,102,182,442,1235,310,829,162,6442,15243,2728,5191,7324,94616,32256,0.00479441,0.009123087,0.012871795,0.166285879,0.056689326,0.029999907,0.011321696
E08000004,Oldham,0.084087429,0.779852871,0.1360597,93140,1700.5,0.070387151,0.961788338,0.937229437,0.631293014,0.752944636,184475,243912,418,102,26,92,158,345,209,416,9,1976,6988,1552,2435,3001,28695,12313,0.006362951,0.009983109,0.012303618,0.117644888,0.050481321,0.021215375,0.008101282
E08000005,Rochdale,0.159931443,0.684849965,0.155218592,90223,1415.6,0.072331889,0.970882405,0.935872514,0.654267759,0.767649631,184995,226992,129,54,27,28,245,150,18,96,6,1710,6150,1202,2144,2804,26088,10823,0.005295341,0.009445267,0.012352858,0.11492916,0.047680094,0.018953039,0.007533305
E08000006,Salford,0.219872241,0.27151766,0.508610098,115116,2777.2,0.10434692,0.97528232,0.940401522,0.619939887,0.802561278,228000,278064,254,106,43,38,157,622,53,168,45,2881,6445,1181,2059,3205,32710,13044,0.004247224,0.00740477,0.011526123,0.117634789,0.046910064,0.025026929,0.010360924
E08000007,Stockport,0.246928977,0.220582177,0.532488846,126648,2338.3,0.082110117,0.991583637,0.947081313,0.738021919,0.844801969,290000,297107,415,109,56,99,276,371,186,340,6,1317,6525,1139,2428,2958,25545,9586,0.003833636,0.00817214,0.009956009,0.085979125,0.03226447,0.010398901,0.004432746
E08000008,Tameside,0.119725291,0.705454141,0.174820567,99527,2239.7,0.060697097,0.983832641,0.933925071,0.670923468,0.781581008,198000,232753,187,57,39,42,132,168,64,105,3,1292,5964,1145,2360,2459,24891,10613,0.004919378,0.010139504,0.010564848,0.106941694,0.045597694,0.012981402,0.005550949
E08000009,Trafford,0.25993654,0.17983997,0.56022349,96269,2216.7,0.115374627,0.988090578,0.95350816,0.734885943,0.860382163,341000,236301,454,124,54,98,324,518,155,317,32,902,3333,785,1275,1273,18507,6589,0.003322034,0.005395661,0.005387197,0.078319601,0.027883928,0.009369579,0.003817165
E08000010,Wigan,0.327371879,0.298475365,0.374152756,143102,1750,0.043213025,0.992560349,0.937597736,0.75344677,0.789459385,184000,334110,327,153,54,71,436,735,197,254,2,2495,6699,1175,2707,2817,35084,14876,0.003516806,0.008102122,0.008431355,0.105007333,0.044524258,0.017435116,0.0074676
E08000011,Knowsley,0.332858693,0.241772541,0.425368766,66072,1787,0.043315727,0.993889569,0.913861726,0.739545654,0.737729185,180000,157103,43,36,9,12,68,106,18,62,0,1158,1702,40,1553,109,14322,6404,0.00025461,0.009885235,0.000693812,0.091163122,0.040763066,0.017526335,0.00737096
E08000012,Liverpool,0.050873758,0.247367864,0.701758378,207491,4346.1,0.090663736,0.976804693,0.920211978,0.679118612,0.776568874,160000,496770,769,249,104,120,619,832,122,376,47,1690,6253,202,5673,378,65627,24748,0.000406627,0.011419772,0.000760916,0.132107414,0.049817823,0.008144932,0.003401977
E08000013,St. Helens,0.550317965,0.205049274,0.244632761,81010,1343.6,0.037858122,0.993699573,0.92489836,0.761032452,0.785848537,170000,184728,99,53,19,31,247,296,26,71,3,834,1957,52,1745,160,18100,7748,0.000281495,0.009446321,0.000866138,0.097981898,0.041942748,0.010295025,0.004514746
E08000014,Sefton,0.298964582,0.200345781,0.500689637,123072,1783.4,0.051863528,0.991356505,0.929940229,0.755007191,0.802531929,212000,281027,374,89,39,85,341,727,165,362,12,1033,2353,66,2103,184,22695,10392,0.000234853,0.007483267,0.000654741,0.080757365,0.036978653,0.008393461,0.003675803
E08000015,Wirral,0.317001632,0.190293175,0.492705193,143255,1989.7,0.050254098,0.995075445,0.927338936,0.772273841,0.821091747,200000,322453,387,122,65,99,558,392,150,248,4,1234,3088,110,2769,209,24435,11002,0.000341135,0.008587298,0.000648156,0.075778486,0.034119701,0.00861401,0.003826914
E08000016,Barnsley,0.288692317,0.616521178,0.094786505,108054,743.3,0.035519606,0.991259162,0.924893283,0.770307164,0.748090495,165000,246482,130,176,21,28,402,741,41,90,1,836,4114,1492,2154,468,26090,9668,0.00605318,0.008738975,0.001898719,0.105849514,0.03922396,0.007736872,0.003391728
E08000017,Doncaster,0.604751615,0.242792479,0.152455906,133478,542.4,0.050756668,0.98309567,0.931396541,0.764548996,0.753694287,165000,311027,231,127,28,50,263,271,37,185,3,2263,6682,2334,3588,760,40989,14485,0.007504172,0.011535976,0.002443518,0.131785986,0.04657152,0.016954105,0.007275896
E08000018,Rotherham,0.536677539,0.202398498,0.260923963,113925,927.7,0.042203204,0.989541676,0.929569199,0.759289006,0.765606082,175000,268354,128,130,37,28,460,399,19,84,1,1245,4810,1817,2459,534,25904,10003,0.006770907,0.009163269,0.001989909,0.096529211,0.03727539,0.010928242,0.004639394
E08000019,Sheffield,0.175470164,0.605747696,0.218753381,231951,1512.5,0.092347489,0.979521538,0.939682528,0.686514335,0.806191781,199500,566242,596,451,123,128,1077,2051,169,417,83,3847,10169,3353,5443,1373,60322,20110,0.005921496,0.009612498,0.002424758,0.106530423,0.035514851,0.0165854,0.006793915
E08000021,Newcastle upon Tyne,0.32883811,0.206233548,0.464928342,122798,2646.1,0.086549346,0.977285772,0.936739903,0.686148684,0.813918293,195000,307565,907,229,109,120,476,974,264,598,34,2473,11294,1338,8616,1340,37511,13085,0.0043503,0.028013591,0.004356803,0.121961211,0.042543853,0.020138764,0.008040577
E08000022,North Tyneside,0.26293369,0.191729007,0.545337303,96233,2538.6,0.044112146,0.994594488,0.937817338,0.756925827,0.825271701,190000,210487,456,112,58,123,347,716,253,404,23,923,5501,685,3885,931,17764,6633,0.003254358,0.018457197,0.004423076,0.084394761,0.031512635,0.009591304,0.004385069
E08000023,South Tyneside,0.252533526,0.198647569,0.548818905,68285,2294.2,0.033740939,0.994243289,0.923378311,0.723944528,0.795130759,153000,148667,230,96,25,67,207,680,145,233,14,..,4536,389,3466,681,15679,5932,0.002616586,0.023313849,0.004580707,0.105463889,0.039901256,,
E08000024,Sunderland,0.176720546,0.229724295,0.593555159,122178,1994.6,0.02890093,0.994722767,0.920049896,0.727960254,0.771461178,149995,277354,320,107,31,71,282,298,118,275,2,1844,7614,678,5939,997,29251,10745,0.002444529,0.021413068,0.003594684,0.105464497,0.038741103,0.015092734,0.006648543
E08000025,Birmingham,0.104658545,0.286998469,0.608342985,423456,4275.4,0.135135646,0.953675469,0.940061262,0.576747053,0.761474242,225000,1157603,1555,993,257,319,1787,2155,557,1570,235,5987,11325,1418,8325,1582,140008,57655,0.001224945,0.007191585,0.001366617,0.120946473,0.049805503,0.014138423,0.005171894
E08000026,Coventry,0.33271655,0.171593596,0.495689854,134138,3500.7,0.12516028,0.965817558,0.946441758,0.658133484,0.806153002,220000,355600,268,134,65,63,312,552,119,344,50,2827,3465,627,2323,515,37561,14001,0.001763217,0.006532621,0.001448256,0.105627109,0.039372891,0.021075311,0.007949944
E08000027,Dudley,0.19060214,0.258061607,0.551336253,137069,3302.4,0.062727531,0.988017387,0.939299139,0.714647367,0.769250404,215000,324969,349,215,60,86,263,316,116,350,13,..,2261,233,1719,309,26381,11131,0.000716991,0.005289735,0.00095086,0.081180051,0.034252498,,
E08000028,Sandwell,0.039120364,0.301486228,0.659393408,130246,3994.9,0.106268139,0.950135058,0.93363426,0.608256684,0.711161983,195000,344210,369,333,97,120,550,1368,205,447,118,1242,2769,250,2142,377,36285,15591,0.000726301,0.006222945,0.001095262,0.105415299,0.045295023,0.009535801,0.003608262
E08000029,Solihull,0.567830174,0.157408359,0.274761467,89486,1212.9,0.09246449,0.993514055,0.950402331,0.75832281,0.824404165,325000,217678,281,138,42,66,423,886,111,244,36,976,1378,152,980,246,18011,6019,0.000698279,0.004502063,0.00113011,0.082741481,0.027650934,0.010906734,0.004483687
E08000030,Walsall,0.230689022,0.336596942,0.432714035,112228,2733.1,0.077709265,0.972539008,0.934162549,0.67244667,0.736526221,200000,286105,212,133,49,63,252,572,95,183,25,713,3028,307,2330,391,28739,11527,0.001073033,0.008143863,0.001366631,0.100449136,0.040289404,0.006353138,0.002492092
E08000031,Wolverhampton,0.129357063,0.200362122,0.670280814,105141,3797.9,0.113076726,0.959209046,0.936536646,0.631881301,0.746676518,191000,267651,208,190,23,53,199,223,74,203,44,..,2285,200,1729,356,30355,12628,0.000747242,0.006459905,0.00133009,0.113412616,0.047180844,,
E08000032,Bradford,0.213165223,0.543573529,0.243261248,209865,1491.2,0.077611058,0.958496947,0.940549919,0.66277053,0.760132266,162500,552644,611,339,78,156,967,1283,168,388,49,2701,6692,125,6479,88,70708,31399,0.000226185,0.011723641,0.000159235,0.127944934,0.056815961,0.012870178,0.004887414
E08000033,Calderdale,0.104428651,0.787693879,0.10787747,90475,567.8,0.058623281,0.98629911,0.943125668,0.706518856,0.808172402,170750,207699,298,157,27,27,556,579,49,165,11,815,2065,46,1989,30,24621,10944,0.000221474,0.009576358,0.00014444,0.118541736,0.052691635,0.009008013,0.003923948
E08000034,Kirklees,0.320967005,0.521905401,0.157067832,177992,1060.3,0.075875475,0.976111906,0.944492021,0.688098703,0.792557339,190000,437593,461,234,53,95,751,970,121,348,33,1825,4680,166,4459,55,44070,19315,0.000379348,0.010189834,0.000125688,0.10071002,0.044139189,0.01025327,0.004170542
E08000035,Leeds,0.488657874,0.246228121,0.265078065,341467,1471.7,0.097922188,0.981012045,0.949828377,0.684381461,0.818370824,230000,822483,2191,563,222,267,1709,5692,502,1222,27,5122,9079,143,8829,107,106219,40717,0.000173864,0.010734568,0.000130094,0.129144311,0.049504975,0.014999985,0.006227484
E08000036,Wakefield,0.557784073,0.198120469,0.244095458,153075,1043.6,0.04825739,0.986629262,0.934521889,0.756015025,0.755744438,190000,357729,596,165,59,45,653,562,98,298,24,1667,4718,76,4576,66,44154,18620,0.000212451,0.012791806,0.000184497,0.123428629,0.052050575,0.010890087,0.004659952
E08000037,Gateshead,0.293999105,0.321600882,0.384400014,88998,1378,0.042506096,0.989695489,0.926352657,0.733334082,0.783765905,150000,197722,456,182,50,106,403,494,231,399,10,1618,5268,527,3919,822,19020,6966,0.002665358,0.019820758,0.004157352,0.096195669,0.035231284,0.018180184,0.008183207
E09000001,City of London,0,0.028253135,0.971746865,4916,2975,0.192307692,0.984023669,0.972853315,0.315018315,0.933924557,825000,10847,524,260,62,77,153,523,37,146,41,31,884,23,825,36,8770,1296,0.002120402,0.076057896,0.00331889,0.808518484,0.119480041,0.00630594,0.002857933
E09000002,Barking and Dagenham,0.121088669,0.240722809,0.638188522,73904,6065.8,0.177462349,0.949234083,0.951263084,0.40551,0.772507512,372500,219992,71,66,23,25,203,238,33,77,2,1305,4931,177,4219,535,21870,7575,0.000804575,0.01917797,0.002431907,0.099412706,0.03443307,0.017658043,0.005932034
E09000003,Barnet,0.158506664,0.27821084,0.563282496,148919,4488.7,0.231786834,0.958672574,0.959806752,0.558418448,0.845607298,580000,389101,436,148,64,120,479,958,182,364,14,2202,9197,377,7747,1073,28986,8184,0.0009689,0.019909998,0.002757639,0.074494797,0.021033099,0.014786562,0.005659199
E09000004,Bexley,0.045082073,0.26809139,0.686826538,95300,4070.7,0.136096537,0.983668368,0.956745769,0.651573977,0.818296949,420000,247835,92,79,37,18,294,707,35,61,0,840,4097,180,3470,447,16874,5794,0.00072629,0.014001251,0.001803619,0.068085621,0.023378457,0.008814271,0.003389352
E09000005,Brent,0.006774992,0.190650754,0.802574255,118612,7859.6,0.226806731,0.924700477,0.956299623,0.421938758,0.782767506,545000,341221,312,78,38,79,446,777,130,283,41,..,10696,337,9261,1098,31854,9446,0.00098763,0.027140768,0.003217856,0.093352988,0.027682939,,
E09000006,Bromley,0.258450393,0.294352697,0.44719691,135828,2197.7,0.175208169,0.990116412,0.962005024,0.678821745,0.862004316,510000,329578,436,139,66,105,707,882,203,340,3,1359,6020,296,5067,657,24051,7122,0.000898118,0.015374206,0.001993458,0.072975138,0.021609452,0.010005301,0.004123455
E09000007,Camden,0.003781246,0.355453255,0.640765499,92758,9640.9,0.242450705,0.97030887,0.94922336,0.40898702,0.882254411,800000,218049,983,453,92,149,585,1886,146,510,102,786,11023,385,9700,938,40972,7729,0.001765658,0.044485414,0.004301785,0.187902719,0.035446161,0.008473663,0.003604694
E09000008,Croydon,0.062158912,0.299373997,0.638467091,152947,4516,0.224334079,0.970727317,0.957434883,0.537333438,0.839312236,425000,392224,418,88,38,130,588,492,199,313,15,..,9095,360,7810,925,35185,11851,0.000917843,0.019912091,0.002358346,0.089706392,0.030214877,,
E09000009,Ealing,0.039959086,0.287659144,0.67238177,133659,6611.6,0.230960878,0.93545474,0.958323686,0.473503468,0.820818564,535500,369937,575,111,79,116,560,1309,242,429,25,2974,11105,466,9584,1055,32726,10565,0.001259674,0.025907114,0.002851837,0.088463711,0.028558917,0.022250653,0.008039207
E09000010,Enfield,0.233227589,0.261263823,0.505508588,120929,4082.5,0.231163633,0.933733157,0.951133994,0.516220798,0.775205885,470000,327224,338,110,36,85,412,1149,168,257,6,..,9252,433,7967,852,29312,9191,0.001323253,0.024347236,0.002603721,0.089577782,0.028087793,,
E09000011,Greenwich,0.029413468,0.228772931,0.741813602,114052,6108.6,0.22075212,0.966648895,0.954038496,0.486931514,0.833212912,480000,291080,420,181,63,99,517,1553,158,322,48,2641,6995,272,5934,789,28980,9679,0.000934451,0.020386148,0.002710595,0.099560258,0.033252027,0.023156104,0.009073107
E09000012,Hackney,0.009494642,0.448398251,0.542107107,106080,13593.3,0.2721411,0.952483377,0.949935558,0.362006391,0.832704757,615000,261491,568,211,92,82,528,1573,112,353,198,2335,9655,332,8316,1007,32655,8674,0.001269642,0.031802242,0.003850993,0.124880015,0.033171314,0.022011689,0.008929562
E09000013,Hammersmith and Fulham,0.007420808,0.210240932,0.78233826,81244,11161.1,0.251981685,0.975894797,0.958783994,0.427379253,0.881442966,750000,185238,532,100,66,100,342,866,193,460,100,1054,6138,218,5272,648,23234,5976,0.001176864,0.028460683,0.003498202,0.125427828,0.032261199,0.012973266,0.005689977
E09000014,Haringey,0.012303476,0.407798742,0.579897782,105092,8930.2,0.266214365,0.926579183,0.951418797,0.431288776,0.815180556,579300,261811,528,135,77,113,407,1513,258,502,60,2236,9249,295,8078,876,29661,8059,0.001126767,0.030854319,0.003345925,0.113291649,0.030781747,0.021276596,0.008540512
E09000015,Harrow,0.089826418,0.227882921,0.682290661,89642,5175.4,0.179353889,0.944433856,0.961145163,0.565465234,0.826094838,530000,261185,271,71,53,97,306,472,131,255,14,1008,5278,214,4553,511,16504,5234,0.000819343,0.017432088,0.001956468,0.063188927,0.020039436,0.011244729,0.003859333
E09000016,Havering,0.35941799,0.289371415,0.351210595,101277,2332.3,0.131747583,0.983355927,0.955608047,0.659419217,0.799995232,440000,264703,120,65,30,45,301,469,21,136,11,2120,5273,230,4504,539,21269,6677,0.000868898,0.017015296,0.002036244,0.08035043,0.025224497,0.02093269,0.008008976
E09000017,Hillingdon,0.16872885,0.373755169,0.457515982,109227,2644,0.180841909,0.961772443,0.960380375,0.537984766,0.818478737,460000,310681,278,108,76,69,278,589,97,319,21,2165,7449,260,6354,835,26586,8356,0.000836871,0.020451846,0.002687644,0.085573305,0.026895755,0.019821107,0.006968563
E09000018,Hounslow,0.052702488,0.351378048,0.595919464,102961,5148,0.205126213,0.948901978,0.958637107,0.459280699,0.813583114,470000,290488,325,104,30,63,348,776,114,269,22,..,8529,416,7319,794,28076,9103,0.001432073,0.025195533,0.002733331,0.096651153,0.031336923,,
E09000019,Islington,0.004373165,0.142372683,0.853254152,96497,14574.9,0.260176588,0.970635095,0.944553971,0.372326314,0.862454119,650000,220373,814,179,76,113,513,993,237,464,124,2455,8781,293,7550,938,28713,7077,0.001329564,0.034260095,0.00425642,0.130292731,0.032113734,0.025441205,0.011140203
E09000020,Kensington and Chelsea,0,0.316439089,0.683560911,66885,11816.5,0.225222397,0.975581462,0.955222319,0.451378506,0.886496763,1400000,146154,679,327,49,146,355,650,308,735,140,1233,4941,179,4245,517,24022,4636,0.001224736,0.029044706,0.003537365,0.16436088,0.031719967,0.018434627,0.008436307
E09000021,Kingston upon Thames,0.068636059,0.462226149,0.469137792,65626,4512.1,0.217087219,0.972843411,0.966256701,0.624980953,0.880944296,541000,168302,233,59,45,77,312,271,65,167,10,382,3575,137,3091,347,12514,3673,0.000814013,0.018365795,0.00206177,0.074354434,0.021823864,0.005820864,0.002269729
E09000022,Lambeth,0.005017569,0.191123772,0.803858659,134686,11839.1,0.27020967,0.96329201,0.960120131,0.420190216,0.869173995,550000,316812,784,211,77,110,654,724,255,430,107,3377,10394,404,8955,1035,36803,9796,0.001275204,0.028265975,0.003266922,0.116166686,0.030920546,0.025073133,0.010659318
E09000023,Lewisham,0.006840036,0.226833311,0.766326653,122390,8551.5,0.258007059,0.967333926,0.95672933,0.458829008,0.853772534,470000,298653,552,123,77,82,531,1025,262,422,38,2588,7545,258,6440,847,29975,9568,0.000863879,0.021563487,0.002836067,0.100367316,0.03203718,0.021145518,0.008665575
E09000024,Merton,0.013292441,0.410220268,0.576487291,81729,5721.6,0.251636506,0.962974774,0.966061288,0.574116899,0.857562901,550000,214709,228,86,46,62,301,322,81,180,20,736,4091,200,3402,489,13996,4349,0.000931493,0.015844701,0.002277501,0.065185903,0.020255322,0.009005371,0.003427895
E09000025,Newham,0.006725801,0.339910995,0.653363204,115507,9690.1,0.2183918,0.91896268,0.954753928,0.35069736,0.793061621,440000,358645,563,317,94,132,507,2221,221,498,31,..,10972,453,9612,907,39448,10753,0.001263087,0.026800876,0.002528963,0.109991775,0.029982294,,
E09000026,Redbridge,0.110195614,0.35403408,0.535770306,103714,5501.9,0.181066983,0.947220944,0.959723843,0.547274235,0.826673333,495000,310911,265,70,50,88,370,683,120,229,27,1144,6462,307,5492,663,24523,8036,0.000987421,0.017664219,0.002132443,0.078874662,0.025846625,0.011030333,0.00367951
E09000027,Richmond upon Thames,0.018317735,0.565725504,0.415956761,80704,3401.9,0.223480577,0.987114057,0.969612552,0.666650146,0.909114827,730000,194894,153,210,41,33,476,1406,60,108,50,589,3477,154,2890,433,11913,2980,0.000790173,0.014828573,0.002221721,0.061125535,0.015290363,0.007298275,0.003022156
E09000028,Southwark,0.006538305,0.23475607,0.758705625,130818,10659,0.259092785,0.96567684,0.958763088,0.39561834,0.861339289,555000,311913,847,316,91,101,582,1064,204,465,109,2801,10027,327,8742,958,38626,9012,0.001048369,0.028027046,0.003071369,0.123835813,0.028892672,0.021411427,0.008980068
E09000029,Sutton,0.068515565,0.270158602,0.661325833,82349,4781,0.17271822,0.980831034,0.960818359,0.587494535,0.8483493,440000,210053,293,38,28,78,305,125,122,233,13,912,3424,160,2877,387,13174,4538,0.000761713,0.013696543,0.001842392,0.062717505,0.021604071,0.011074816,0.004341761
E09000030,Tower Hamlets,0.004893662,0.321083489,0.674022849,120538,15702.9,0.218891811,0.937517155,0.95144148,0.316918176,0.837873641,515000,325789,870,489,127,150,624,2256,130,465,182,2282,12546,483,11140,923,37138,10619,0.001482555,0.034193911,0.002833122,0.113994027,0.032594716,0.018931789,0.007004534
E09000031,Waltham Forest,0.039112142,0.459442236,0.501445622,102899,7173.3,0.252152533,0.950742205,0.956074505,0.490316123,0.817559478,507000,275887,223,171,74,58,482,854,93,201,10,1411,9081,389,7895,797,23457,6526,0.001409998,0.028616789,0.002888864,0.085023941,0.023654612,0.013712475,0.005114413
E09000032,Wandsworth,0.003540931,0.557398437,0.439060631,137393,9560,0.255777223,0.976722686,0.968657063,0.497135953,0.900562221,702000,329035,692,176,85,121,448,1134,240,473,177,1622,7959,307,6856,796,27219,7454,0.000933031,0.020836689,0.002419196,0.082723722,0.022654125,0.011805551,0.004929567
E09000033,Westminster,0.007751061,0.490665587,0.501583352,94817,9514.2,0.224590527,0.963394778,0.949147065,0.386324804,0.871063353,1070250,211365,2087,1067,120,270,1081,2543,428,1319,250,1950,14596,456,12948,1192,94241,11865,0.002157405,0.06125896,0.005639534,0.445868521,0.056135122,0.020565932,0.009225747
